tipo,variante,n,threads,particao,run,real,user,sys,resultado
static,original,100000000,12,10000,1,1.034,1.020,0.979,"(16777216.000000, 0.167772)"
static,original,100000000,12,10000,2,1.038,1.429,0.861,"(16777216.000000, 0.167772)"
static,original,100000000,12,10000,3,0.799,0.878,0.561,"(16777216.000000, 0.167772)"
static,original,100000000,12,10000,4,1.148,1.150,1.036,"(16777216.000000, 0.167772)"
static,original,100000000,12,10000,5,0.822,1.008,0.518,"(16777216.000000, 0.167772)"
static,original,100000000,12,10000,6,1.181,1.065,1.634,"(16777216.000000, 0.167772)"
static,original,100000000,12,10000,7,0.821,0.996,0.532,"(16777216.000000, 0.167772)"
static,original,100000000,12,10000,8,0.841,0.955,0.547,"(16777216.000000, 0.167772)"
static,original,100000000,12,10000,9,1.132,1.158,1.112,"(16777216.000000, 0.167772)"
static,original,100000000,12,10000,10,0.790,0.812,0.599,"(16777216.000000, 0.167772)"
static,master,100000000,12,10000,1,1.099,0.847,0.406,"(16777216.000000, 0.167772)"
static,master,100000000,12,10000,2,1.606,0.881,0.854,"(16777216.000000, 0.167772)"
static,master,100000000,12,10000,3,1.255,0.864,0.547,"(16777216.000000, 0.167772)"
static,master,100000000,12,10000,4,1.118,0.869,0.424,"(16777216.000000, 0.167772)"
static,master,100000000,12,10000,5,1.083,0.885,0.376,"(16777216.000000, 0.167772)"
static,master,100000000,12,10000,6,1.105,0.862,0.405,"(16777216.000000, 0.167772)"
static,master,100000000,12,10000,7,1.105,0.910,0.383,"(16777216.000000, 0.167772)"
static,master,100000000,12,10000,8,1.103,0.826,0.411,"(16777216.000000, 0.167772)"
static,master,100000000,12,10000,9,1.153,0.902,0.422,"(16777216.000000, 0.167772)"
static,master,100000000,12,10000,10,1.093,0.856,0.404,"(16777216.000000, 0.167772)"
static,single,100000000,12,10000,1,1.132,0.968,0.336,"(16777216.000000, 0.167772)"
static,single,100000000,12,10000,2,1.110,0.900,0.401,"(16777216.000000, 0.167772)"
static,single,100000000,12,10000,3,1.104,0.898,0.406,"(16777216.000000, 0.167772)"
static,single,100000000,12,10000,4,1.066,0.836,0.412,"(16777216.000000, 0.167772)"
static,single,100000000,12,10000,5,1.156,0.927,0.445,"(16777216.000000, 0.167772)"
static,single,100000000,12,10000,6,1.096,0.940,0.341,"(16777216.000000, 0.167772)"
static,single,100000000,12,10000,7,1.092,0.878,0.368,"(16777216.000000, 0.167772)"
static,single,100000000,12,10000,8,1.062,0.838,0.408,"(16777216.000000, 0.167772)"
static,single,100000000,12,10000,9,1.085,0.928,0.371,"(16777216.000000, 0.167772)"
static,single,100000000,12,10000,10,1.088,0.877,0.440,"(16777216.000000, 0.167772)"
static,critical,100000000,12,10000,1,1.133,0.931,0.461,"(16777216.000000, 0.167772)"
static,critical,100000000,12,10000,2,1.105,0.916,0.431,"(16777216.000000, 0.167772)"
static,critical,100000000,12,10000,3,1.134,0.916,0.468,"(16777216.000000, 0.167772)"
static,critical,100000000,12,10000,4,1.124,1.002,0.387,"(16777216.000000, 0.167772)"
static,critical,100000000,12,10000,5,1.100,0.962,0.395,"(16777216.000000, 0.167772)"
static,critical,100000000,12,10000,6,1.133,0.971,0.421,"(16777216.000000, 0.167772)"
static,critical,100000000,12,10000,7,1.125,0.954,0.411,"(16777216.000000, 0.167772)"
static,critical,100000000,12,10000,8,1.100,1.008,0.351,"(16777216.000000, 0.167772)"
static,critical,100000000,12,10000,9,1.140,1.012,0.399,"(16777216.000000, 0.167772)"
static,critical,100000000,12,10000,10,1.117,1.010,0.380,"(16777216.000000, 0.167772)"
static,atomic,100000000,12,10000,1,0.827,1.013,0.481,"(16777216.000000, 0.167772)"
static,atomic,100000000,12,10000,2,1.069,0.899,1.016,"(16777216.000000, 0.167772)"
static,atomic,100000000,12,10000,3,0.859,1.042,0.591,"(16777216.000000, 0.167772)"
static,atomic,100000000,12,10000,4,1.195,1.249,1.029,"(16777216.000000, 0.167772)"
static,atomic,100000000,12,10000,5,0.871,0.955,0.592,"(16777216.000000, 0.167772)"
static,atomic,100000000,12,10000,6,0.966,0.972,1.043,"(16777216.000000, 0.167772)"
static,atomic,100000000,12,10000,7,0.841,1.042,0.471,"(16777216.000000, 0.167772)"
static,atomic,100000000,12,10000,8,0.823,0.966,0.597,"(16777216.000000, 0.167772)"
static,atomic,100000000,12,10000,9,1.061,1.035,1.408,"(16777216.000000, 0.167772)"
static,atomic,100000000,12,10000,10,0.827,0.949,0.543,"(16777216.000000, 0.167772)"
dynamic,original,100000000,12,10000,1,1.104,0.677,0.418,"(16777216.000000, 0.167772)"
dynamic,original,100000000,12,10000,2,1.343,0.700,0.631,"(16777216.000000, 0.167772)"
dynamic,original,100000000,12,10000,3,1.128,0.639,0.479,"(16777216.000000, 0.167772)"
dynamic,original,100000000,12,10000,4,1.206,0.787,0.409,"(16777216.000000, 0.167772)"
dynamic,original,100000000,12,10000,5,1.117,0.720,0.388,"(16777216.000000, 0.167772)"
dynamic,original,100000000,12,10000,6,1.088,0.680,0.398,"(16777216.000000, 0.167772)"
dynamic,original,100000000,12,10000,7,1.111,0.683,0.416,"(16777216.000000, 0.167772)"
dynamic,original,100000000,12,10000,8,1.089,0.710,0.389,"(16777216.000000, 0.167772)"
dynamic,original,100000000,12,10000,9,1.047,0.633,0.434,"(16777216.000000, 0.167772)"
dynamic,original,100000000,12,10000,10,1.096,0.665,0.448,"(16777216.000000, 0.167772)"
dynamic,master,100000000,12,10000,1,1.164,0.935,0.415,"(16777216.000000, 0.167772)"
dynamic,master,100000000,12,10000,2,1.156,0.899,0.441,"(16777216.000000, 0.167772)"
dynamic,master,100000000,12,10000,3,1.163,0.931,0.401,"(16777216.000000, 0.167772)"
dynamic,master,100000000,12,10000,4,1.139,0.903,0.393,"(16777216.000000, 0.167772)"
dynamic,master,100000000,12,10000,5,1.126,0.927,0.365,"(16777216.000000, 0.167772)"
dynamic,master,100000000,12,10000,6,1.128,0.884,0.391,"(16777216.000000, 0.167772)"
dynamic,master,100000000,12,10000,7,1.161,0.840,0.460,"(16777216.000000, 0.167772)"
dynamic,master,100000000,12,10000,8,1.184,0.938,0.391,"(16777216.000000, 0.167772)"
dynamic,master,100000000,12,10000,9,1.154,0.891,0.410,"(16777216.000000, 0.167772)"
dynamic,master,100000000,12,10000,10,1.128,0.902,0.369,"(16777216.000000, 0.167772)"
dynamic,single,100000000,12,10000,1,1.157,0.893,0.436,"(16777216.000000, 0.167772)"
dynamic,single,100000000,12,10000,2,1.136,0.908,0.406,"(16777216.000000, 0.167772)"
dynamic,single,100000000,12,10000,3,1.165,0.840,0.459,"(16777216.000000, 0.167772)"
dynamic,single,100000000,12,10000,4,1.160,0.902,0.473,"(16777216.000000, 0.167772)"
dynamic,single,100000000,12,10000,5,1.196,0.923,0.434,"(16777216.000000, 0.167772)"
dynamic,single,100000000,12,10000,6,1.128,0.886,0.427,"(16777216.000000, 0.167772)"
dynamic,single,100000000,12,10000,7,1.172,0.926,0.461,"(16777216.000000, 0.167772)"
dynamic,single,100000000,12,10000,8,1.121,0.897,0.415,"(16777216.000000, 0.167772)"
dynamic,single,100000000,12,10000,9,1.165,0.819,0.460,"(16777216.000000, 0.167772)"
dynamic,single,100000000,12,10000,10,1.180,0.871,0.474,"(16777216.000000, 0.167772)"
dynamic,critical,100000000,12,10000,1,0.968,1.021,0.694,"(16777216.000000, 0.167772)"
dynamic,critical,100000000,12,10000,2,0.970,0.974,0.736,"(16777216.000000, 0.167772)"
dynamic,critical,100000000,12,10000,3,1.001,0.988,0.783,"(16777216.000000, 0.167772)"
dynamic,critical,100000000,12,10000,4,1.103,1.077,0.974,"(16777216.000000, 0.167772)"
dynamic,critical,100000000,12,10000,5,0.936,1.073,0.636,"(16777216.000000, 0.167772)"
dynamic,critical,100000000,12,10000,6,1.106,1.091,0.877,"(16777216.000000, 0.167772)"
dynamic,critical,100000000,12,10000,7,0.929,0.968,0.739,"(16777216.000000, 0.167772)"
dynamic,critical,100000000,12,10000,8,1.040,1.010,0.959,"(16777216.000000, 0.167772)"
dynamic,critical,100000000,12,10000,9,0.962,1.028,0.784,"(16777216.000000, 0.167772)"
dynamic,critical,100000000,12,10000,10,1.265,1.143,1.167,"(16777216.000000, 0.167772)"
dynamic,atomic,100000000,12,10000,1,0.816,0.852,0.734,"(16777216.000000, 0.167772)"
dynamic,atomic,100000000,12,10000,2,0.922,0.934,0.876,"(16777216.000000, 0.167772)"
dynamic,atomic,100000000,12,10000,3,0.809,0.834,0.732,"(16777216.000000, 0.167772)"
dynamic,atomic,100000000,12,10000,4,0.856,0.779,0.828,"(16777216.000000, 0.167772)"
dynamic,atomic,100000000,12,10000,5,0.849,0.974,0.677,"(16777216.000000, 0.167772)"
dynamic,atomic,100000000,12,10000,6,0.820,0.944,0.628,"(16777216.000000, 0.167772)"
dynamic,atomic,100000000,12,10000,7,0.992,0.916,1.268,"(16777216.000000, 0.167772)"
dynamic,atomic,100000000,12,10000,8,0.822,0.904,0.634,"(16777216.000000, 0.167772)"
dynamic,atomic,100000000,12,10000,9,0.829,0.974,0.610,"(16777216.000000, 0.167772)"
dynamic,atomic,100000000,12,10000,10,0.839,0.979,0.627,"(16777216.000000, 0.167772)"
