dataset,task,seed,mechanism,rate,imputer,model,accuracy,macro_f1,weighted_f1,imp_mae_num,imp_rmse_num,imp_acc_cat,imp_n_num,imp_n_cat,mae,rmse,r2
adult,classification,42,NONE,0.0,baseline_dropna,logistic_regression,0.8,0.7587907375643225,0.8122963121783877,,,,,,,,
adult,classification,42,NONE,0.0,baseline_dropna,random_forest,0.82,0.727157894736842,0.8125726315789473,,,,,,,,
adult,classification,42,NONE,0.0,baseline_dropna,lightgbm,0.815,0.7710010280884775,0.8248704917976419,,,,,,,,
adult,classification,42,MCAR,0.05,dropna,logistic_regression,0.8272058823529411,0.7845744232681192,0.8353093828401387,,,,,,,,
adult,classification,42,MCAR,0.05,dropna,random_forest,0.8235294117647058,0.7790862944162437,0.8315437444013138,,,,,,,,
adult,classification,42,MCAR,0.05,dropna,lightgbm,0.8198529411764706,0.7735451533429616,0.8277591488553624,,,,,,,,
adult,classification,42,MCAR,0.05,simple_mean,logistic_regression,0.7933333333333333,0.7531814381825661,0.8066066871021821,12574.518681714224,17160.830951421038,0.5535082133818425,734.0,937.0,,,
adult,classification,42,MCAR,0.05,simple_mean,random_forest,0.8083333333333333,0.770726796056501,0.8205593269336204,12574.518681714224,17160.830951421038,0.5535082133818425,734.0,937.0,,,
adult,classification,42,MCAR,0.05,simple_mean,lightgbm,0.8,0.7563319841345046,0.8116906499167467,12574.518681714224,17160.830951421038,0.5535082133818425,734.0,937.0,,,
adult,classification,42,MCAR,0.05,simple_median,logistic_regression,0.7883333333333333,0.7484143833015825,0.8021963996623515,12367.220070476085,17398.06440781787,0.5535082133818425,734.0,937.0,,,
adult,classification,42,MCAR,0.05,simple_median,random_forest,0.7833333333333333,0.7420634920634921,0.7974338624338625,12367.220070476085,17398.06440781787,0.5535082133818425,734.0,937.0,,,
adult,classification,42,MCAR,0.05,simple_median,lightgbm,0.8033333333333333,0.7587208113523902,0.8144000054526371,12367.220070476085,17398.06440781787,0.5535082133818425,734.0,937.0,,,
adult,classification,42,MCAR,0.05,simple_freq,logistic_regression,0.79,0.7507878532153641,0.8038395812181068,21375.67564875769,26809.826374754095,0.5535082133818425,734.0,937.0,,,
adult,classification,42,MCAR,0.05,simple_freq,random_forest,0.7933333333333333,0.7515727050526906,0.8062349908509302,21375.67564875769,26809.826374754095,0.5535082133818425,734.0,937.0,,,
adult,classification,42,MCAR,0.05,simple_freq,lightgbm,0.8133333333333334,0.7709892446734552,0.8238372933109775,21375.67564875769,26809.826374754095,0.5535082133818425,734.0,937.0,,,
adult,classification,42,MCAR,0.05,simple_const,logistic_regression,0.7766666666666666,0.7381960273526539,0.7920549223922718,32698.90695496705,37052.350882017054,0.5535082133818425,734.0,937.0,,,
adult,classification,42,MCAR,0.05,simple_const,random_forest,0.8066666666666666,0.7668310463121784,0.8185531017724414,32698.90695496705,37052.350882017054,0.5535082133818425,734.0,937.0,,,
adult,classification,42,MCAR,0.05,simple_const,lightgbm,0.8016666666666666,0.7595951501520207,0.8135673745253913,32698.90695496705,37052.350882017054,0.5535082133818425,734.0,937.0,,,
adult,classification,42,MCAR,0.05,knn_3,logistic_regression,0.7916666666666666,0.7523763615173056,0.8053114169905033,14842.31632962228,19141.843050415882,0.5535082133818425,734.0,937.0,,,
adult,classification,42,MCAR,0.05,knn_3,random_forest,0.7866666666666666,0.7476208002523792,0.8008952451057714,14842.31632962228,19141.843050415882,0.5535082133818425,734.0,937.0,,,
adult,classification,42,MCAR,0.05,knn_3,lightgbm,0.8166666666666667,0.776637652123296,0.8273830957570179,14842.31632962228,19141.843050415882,0.5535082133818425,734.0,937.0,,,
adult,classification,42,MCAR,0.05,knn_5,logistic_regression,0.79,0.7507878532153641,0.8038395812181068,13250.452089412438,17585.63040017677,0.5535082133818425,734.0,937.0,,,
adult,classification,42,MCAR,0.05,knn_5,random_forest,0.7866666666666666,0.7491638795986622,0.8012151616499443,13250.452089412438,17585.63040017677,0.5535082133818425,734.0,937.0,,,
adult,classification,42,MCAR,0.05,knn_5,lightgbm,0.7983333333333333,0.7555547325075169,0.8104340530888431,13250.452089412438,17585.63040017677,0.5535082133818425,734.0,937.0,,,
adult,classification,42,MCAR,0.05,knn_7,logistic_regression,0.79,0.75,0.8036666666666666,13310.110421747087,17735.9057645143,0.5535082133818425,734.0,937.0,,,
adult,classification,42,MCAR,0.05,knn_7,random_forest,0.8066666666666666,0.7676002724686461,0.8187359591831284,13310.110421747087,17735.9057645143,0.5535082133818425,734.0,937.0,,,
adult,classification,42,MCAR,0.05,knn_7,lightgbm,0.8166666666666667,0.7750787224471435,0.8269830559304244,13310.110421747087,17735.9057645143,0.5535082133818425,734.0,937.0,,,
adult,classification,42,MCAR,0.05,iterative,logistic_regression,0.7933333333333333,0.7531814381825661,0.8066066871021821,12558.618969688825,17148.905737193043,0.5535082133818425,734.0,937.0,,,
adult,classification,42,MCAR,0.05,iterative,random_forest,0.7916666666666666,0.7523763615173056,0.8053114169905033,12558.618969688825,17148.905737193043,0.5535082133818425,734.0,937.0,,,
adult,classification,42,MCAR,0.05,iterative,lightgbm,0.8116666666666666,0.767711962833914,0.8219396051103367,12558.618969688825,17148.905737193043,0.5535082133818425,734.0,937.0,,,
adult,classification,42,MCAR,0.05,miceforest,logistic_regression,0.76,0.7085964060223409,0.7742787761049053,12574.518681714224,17160.830951421038,0.0,734.0,937.0,,,
adult,classification,42,MCAR,0.05,miceforest,random_forest,0.8166666666666667,0.773473002100523,0.8265583455749438,12574.518681714224,17160.830951421038,0.0,734.0,937.0,,,
adult,classification,42,MCAR,0.05,miceforest,lightgbm,0.8216666666666667,0.7759623672611924,0.8302678447835642,12574.518681714224,17160.830951421038,0.0,734.0,937.0,,,
adult,classification,42,NONE,0.0,baseline_dropna,logistic_regression,0.8133333333333334,0.7763459183130093,0.8242476525196584,,,,,,,,
adult,classification,42,NONE,0.0,baseline_dropna,random_forest,0.82,0.71875,0.8076249999999999,,,,,,,,
adult,classification,42,NONE,0.0,baseline_dropna,lightgbm,0.8216666666666667,0.7792532432924963,0.8302138584492942,,,,,,,,
adult,classification,42,MCAR,0.05,dropna,logistic_regression,0.7969924812030075,0.7603603603603604,0.8054460475513108,,,,,,,,
adult,classification,42,MCAR,0.05,dropna,random_forest,0.8007518796992481,0.7622877569258266,0.8083009131407608,,,,,,,,
adult,classification,42,MCAR,0.05,dropna,lightgbm,0.8270676691729323,0.7913938897981452,0.8329051967069884,,,,,,,,
adult,classification,42,MCAR,0.05,simple_mean,logistic_regression,0.8066666666666666,0.7668310463121784,0.817589336763865,12973.41836325321,17188.864579472378,0.5689616767566545,722.0,939.0,,,
adult,classification,42,MCAR,0.05,simple_mean,random_forest,0.7983333333333333,0.7547222719609719,0.8091930047422613,12973.41836325321,17188.864579472378,0.5689616767566545,722.0,939.0,,,
adult,classification,42,MCAR,0.05,simple_mean,lightgbm,0.8,0.752879638655116,0.8097118302008539,12973.41836325321,17188.864579472378,0.5689616767566545,722.0,939.0,,,
adult,classification,42,MCAR,0.05,simple_median,logistic_regression,0.8083333333333333,0.7684555988442914,0.8190634867902241,12504.238867467648,16870.769413810813,0.5689616767566545,722.0,939.0,,,
adult,classification,42,MCAR,0.05,simple_median,random_forest,0.7933333333333333,0.7482097169389882,0.8043477593823466,12504.238867467648,16870.769413810813,0.5689616767566545,722.0,939.0,,,
adult,classification,42,MCAR,0.05,simple_median,lightgbm,0.7983333333333333,0.7512667920610938,0.8082515699998972,12504.238867467648,16870.769413810813,0.5689616767566545,722.0,939.0,,,
adult,classification,42,MCAR,0.05,simple_freq,logistic_regression,0.81,0.7700840336134454,0.8205378151260504,14304.94820460236,19220.17977417968,0.5689616767566545,722.0,939.0,,,
adult,classification,42,MCAR,0.05,simple_freq,random_forest,0.7933333333333333,0.7499159663865547,0.8047955182072829,14304.94820460236,19220.17977417968,0.5689616767566545,722.0,939.0,,,
adult,classification,42,MCAR,0.05,simple_freq,lightgbm,0.8116666666666666,0.766025364506945,0.8204504644408017,14304.94820460236,19220.17977417968,0.5689616767566545,722.0,939.0,,,
adult,classification,42,MCAR,0.05,simple_const,logistic_regression,0.7916666666666666,0.7523763615173056,0.804325049497214,28291.075973140683,33014.2531768807,0.5689616767566545,722.0,939.0,,,
adult,classification,42,MCAR,0.05,simple_const,random_forest,0.795,0.7434283946196447,0.8040106522411773,28291.075973140683,33014.2531768807,0.5689616767566545,722.0,939.0,,,
adult,classification,42,MCAR,0.05,simple_const,lightgbm,0.825,0.7825899404710551,0.8331619359848158,28291.075973140683,33014.2531768807,0.5689616767566545,722.0,939.0,,,
adult,classification,42,MCAR,0.05,knn_3,logistic_regression,0.8033333333333333,0.7628108919382504,0.8144443253287593,14941.968386673281,19473.047543598295,0.5689616767566545,722.0,939.0,,,
adult,classification,42,MCAR,0.05,knn_3,random_forest,0.78,0.733781512605042,0.7922016806722689,14941.968386673281,19473.047543598295,0.5689616767566545,722.0,939.0,,,
adult,classification,42,MCAR,0.05,knn_3,lightgbm,0.7966666666666666,0.7487609659660347,0.8065403607042014,14941.968386673281,19473.047543598295,0.5689616767566545,722.0,939.0,,,
adult,classification,42,MCAR,0.05,knn_5,logistic_regression,0.8066666666666666,0.7676002724686461,0.8177831203002498,13736.77040383683,18235.451591855133,0.5689616767566545,722.0,939.0,,,
adult,classification,42,MCAR,0.05,knn_5,random_forest,0.7983333333333333,0.7530200611666571,0.8087359911459167,13736.77040383683,18235.451591855133,0.5689616767566545,722.0,939.0,,,
adult,classification,42,MCAR,0.05,knn_5,lightgbm,0.8116666666666666,0.7685366944445393,0.8211585910553202,13736.77040383683,18235.451591855133,0.5689616767566545,722.0,939.0,,,
adult,classification,42,MCAR,0.05,knn_7,logistic_regression,0.8083333333333333,0.7692238227906525,0.8192586621893858,13223.014587665697,17207.256459822853,0.5689616767566545,722.0,939.0,,,
adult,classification,42,MCAR,0.05,knn_7,random_forest,0.7783333333333333,0.7322138664894848,0.7907429890704332,13223.014587665697,17207.256459822853,0.5689616767566545,722.0,939.0,,,
adult,classification,42,MCAR,0.05,knn_7,lightgbm,0.7933333333333333,0.7446422932769533,0.8033688912075492,13223.014587665697,17207.256459822853,0.5689616767566545,722.0,939.0,,,
adult,classification,42,MCAR,0.05,iterative,logistic_regression,0.8066666666666666,0.7668310463121784,0.817589336763865,12972.792602135012,17188.213936316828,0.5689616767566545,722.0,939.0,,,
adult,classification,42,MCAR,0.05,iterative,random_forest,0.7883333333333333,0.7407731220509541,0.799251825417615,12972.792602135012,17188.213936316828,0.5689616767566545,722.0,939.0,,,
adult,classification,42,MCAR,0.05,iterative,lightgbm,0.8033333333333333,0.7578659370725034,0.8131263109895122,12972.792602135012,17188.213936316828,0.5689616767566545,722.0,939.0,,,
adult,classification,42,MCAR,0.05,miceforest,logistic_regression,0.7883333333333333,0.7484143833015825,0.8011942502891694,12973.41836325321,17188.864579472378,0.0,722.0,939.0,,,
adult,classification,42,MCAR,0.05,miceforest,random_forest,0.8133333333333334,0.7584506333481905,0.8190902599052013,12973.41836325321,17188.864579472378,0.0,722.0,939.0,,,
adult,classification,42,MCAR,0.05,miceforest,lightgbm,0.7883333333333333,0.7407731220509541,0.799251825417615,12973.41836325321,17188.864579472378,0.0,722.0,939.0,,,
adult,classification,42,NONE,0.0,baseline_dropna,logistic_regression,0.8033333333333333,0.7515126840841768,0.812033150360564,,,,,,,,
adult,classification,42,NONE,0.0,baseline_dropna,random_forest,0.8333333333333334,0.7310623038995966,0.819512923950396,,,,,,,,
adult,classification,42,NONE,0.0,baseline_dropna,lightgbm,0.8183333333333334,0.7624573676353612,0.8239017285403476,,,,,,,,
adult,classification,42,MCAR,0.05,dropna,logistic_regression,0.8127340823970037,0.7663142417028428,0.8174150747359107,,,,,,,,
adult,classification,42,MCAR,0.05,dropna,random_forest,0.8164794007490637,0.7719341061622941,0.8213869332035382,,,,,,,,
adult,classification,42,MCAR,0.05,dropna,lightgbm,0.7940074906367042,0.732538020216738,0.7954481813496722,,,,,,,,
adult,classification,42,MCAR,0.05,simple_mean,logistic_regression,0.815,0.7667013461962862,0.8233151528526541,14150.769734164664,17867.388706039175,0.5547973543740266,737.0,946.0,,,
adult,classification,42,MCAR,0.05,simple_mean,random_forest,0.79,0.7458823529411764,0.8023529411764706,14150.769734164664,17867.388706039175,0.5547973543740266,737.0,946.0,,,
adult,classification,42,MCAR,0.05,simple_mean,lightgbm,0.8116666666666666,0.7606532260626749,0.819585720623243,14150.769734164664,17867.388706039175,0.5547973543740266,737.0,946.0,,,
adult,classification,42,MCAR,0.05,simple_median,logistic_regression,0.8166666666666667,0.7701149425287357,0.825287356321839,13599.554076490624,17611.444664811857,0.5547973543740266,737.0,946.0,,,
adult,classification,42,MCAR,0.05,simple_median,random_forest,0.7916666666666666,0.7439565204032514,0.8029034192615251,13599.554076490624,17611.444664811857,0.5547973543740266,737.0,946.0,,,
adult,classification,42,MCAR,0.05,simple_median,lightgbm,0.82,0.7734392481539494,0.8282166032669501,13599.554076490624,17611.444664811857,0.5547973543740266,737.0,946.0,,,
adult,classification,42,MCAR,0.05,simple_freq,logistic_regression,0.815,0.7684597707543136,0.8238236122361711,14613.31075569775,18452.446775734355,0.5547973543740266,737.0,946.0,,,
adult,classification,42,MCAR,0.05,simple_freq,random_forest,0.7933333333333333,0.7473375353184091,0.8048322828370644,14613.31075569775,18452.446775734355,0.5547973543740266,737.0,946.0,,,
adult,classification,42,MCAR,0.05,simple_freq,lightgbm,0.825,0.7784615384615385,0.8326153846153846,14613.31075569775,18452.446775734355,0.5547973543740266,737.0,946.0,,,
adult,classification,42,MCAR,0.05,simple_const,logistic_regression,0.805,0.7550242707435466,0.8140362019688789,28519.40993820473,33660.87483236436,0.5547973543740266,737.0,946.0,,,
adult,classification,42,MCAR,0.05,simple_const,random_forest,0.7866666666666666,0.7400874497434717,0.7987699277569456,28519.40993820473,33660.87483236436,0.5547973543740266,737.0,946.0,,,
adult,classification,42,MCAR,0.05,simple_const,lightgbm,0.8233333333333334,0.7732426303854876,0.8300831443688587,28519.40993820473,33660.87483236436,0.5547973543740266,737.0,946.0,,,
adult,classification,42,MCAR,0.05,knn_3,logistic_regression,0.8133333333333334,0.7685185185185185,0.8228395061728395,15040.03229552444,19826.305518222285,0.5547973543740266,737.0,946.0,,,
adult,classification,42,MCAR,0.05,knn_3,random_forest,0.8116666666666666,0.7651630869623949,0.8208977143233198,15040.03229552444,19826.305518222285,0.5547973543740266,737.0,946.0,,,
adult,classification,42,MCAR,0.05,knn_3,lightgbm,0.8233333333333334,0.7723237298814365,0.8297993394047005,15040.03229552444,19826.305518222285,0.5547973543740266,737.0,946.0,,,
adult,classification,42,MCAR,0.05,knn_5,logistic_regression,0.8116666666666666,0.766025364506945,0.8211393897564202,14133.149132204504,18434.15995849943,0.5547973543740266,737.0,946.0,,,
adult,classification,42,MCAR,0.05,knn_5,random_forest,0.7883333333333333,0.7350846025747552,0.798428817603547,14133.149132204504,18434.15995849943,0.5547973543740266,737.0,946.0,,,
adult,classification,42,MCAR,0.05,knn_5,lightgbm,0.8216666666666667,0.7706413824394183,0.8283378169013246,14133.149132204504,18434.15995849943,0.5547973543740266,737.0,946.0,,,
adult,classification,42,MCAR,0.05,knn_7,logistic_regression,0.8116666666666666,0.766025364506945,0.8211393897564202,13989.66889559244,18097.690190864487,0.5547973543740266,737.0,946.0,,,
adult,classification,42,MCAR,0.05,knn_7,random_forest,0.8166666666666667,0.7683592817733851,0.8247766655903562,13989.66889559244,18097.690190864487,0.5547973543740266,737.0,946.0,,,
adult,classification,42,MCAR,0.05,knn_7,lightgbm,0.8216666666666667,0.7742417582417582,0.8294271062271061,13989.66889559244,18097.690190864487,0.5547973543740266,737.0,946.0,,,
adult,classification,42,MCAR,0.05,iterative,logistic_regression,0.815,0.7667013461962862,0.8233151528526541,14150.710320702237,17867.40727169697,0.5547973543740266,737.0,946.0,,,
adult,classification,42,MCAR,0.05,iterative,random_forest,0.7916666666666666,0.7411785005607799,0.8021453426509073,14150.710320702237,17867.40727169697,0.5547973543740266,737.0,946.0,,,
adult,classification,42,MCAR,0.05,iterative,lightgbm,0.8116666666666666,0.7642878747318688,0.8206492629070931,14150.710320702237,17867.40727169697,0.5547973543740266,737.0,946.0,,,
adult,classification,42,MCAR,0.05,miceforest,logistic_regression,0.77,0.7216806722689075,0.7835294117647059,14150.769734164664,17867.388706039175,0.0,737.0,946.0,,,
adult,classification,42,MCAR,0.05,miceforest,random_forest,0.8283333333333334,0.7663683894162612,0.8305392051232615,14150.769734164664,17867.388706039175,0.0,737.0,946.0,,,
adult,classification,42,MCAR,0.05,miceforest,lightgbm,0.8183333333333334,0.767292084016809,0.8254173501423883,14150.769734164664,17867.388706039175,0.0,737.0,946.0,,,
bank_marketing,classification,42,NONE,0.0,baseline_dropna,logistic_regression,0.815,0.6877798144493252,0.8392482337994759,,,,,,,,
bank_marketing,classification,42,NONE,0.0,baseline_dropna,random_forest,0.8733333333333333,0.577762139338494,0.8462491203377902,,,,,,,,
bank_marketing,classification,42,NONE,0.0,baseline_dropna,lightgbm,0.8616666666666667,0.7347889761682865,0.8742015710291573,,,,,,,,
bank_marketing,classification,42,MCAR,0.05,dropna,logistic_regression,0.7169811320754716,0.6439767129422302,0.7139392812782533,,,,,,,,
bank_marketing,classification,42,MCAR,0.05,dropna,random_forest,0.7735849056603774,0.6302325581395349,0.7301448003510311,,,,,,,,
bank_marketing,classification,42,MCAR,0.05,dropna,lightgbm,0.7924528301886793,0.749247311827957,0.794416717386894,,,,,,,,
bank_marketing,classification,42,MCAR,0.05,simple_mean,logistic_regression,0.81,0.6892660500445204,0.8364710799367628,207.35401893697434,302.6913097595537,0.5600463840120472,850.0,927.0,,,
bank_marketing,classification,42,MCAR,0.05,simple_mean,random_forest,0.855,0.6666645380877273,0.857087976296145,207.35401893697434,302.6913097595537,0.5600463840120472,850.0,927.0,,,
bank_marketing,classification,42,MCAR,0.05,simple_mean,lightgbm,0.855,0.7291393168291658,0.8694632080905359,207.35401893697434,302.6913097595537,0.5600463840120472,850.0,927.0,,,
bank_marketing,classification,42,MCAR,0.05,simple_median,logistic_regression,0.8116666666666666,0.6909401709401709,0.8377435897435896,158.20361131444037,315.36425706980606,0.5600463840120472,850.0,927.0,,,
bank_marketing,classification,42,MCAR,0.05,simple_median,random_forest,0.8783333333333333,0.703008563931136,0.8764317631662814,158.20361131444037,315.36425706980606,0.5600463840120472,850.0,927.0,,,
bank_marketing,classification,42,MCAR,0.05,simple_median,lightgbm,0.85,0.7136858179041802,0.8638289749952281,158.20361131444037,315.36425706980606,0.5600463840120472,850.0,927.0,,,
bank_marketing,classification,42,MCAR,0.05,simple_freq,logistic_regression,0.81,0.687134074941452,0.8361416861826697,185.0401717627248,347.5711826155511,0.5600463840120472,850.0,927.0,,,
bank_marketing,classification,42,MCAR,0.05,simple_freq,random_forest,0.8716666666666667,0.6867350605848969,0.8696609008740228,185.0401717627248,347.5711826155511,0.5600463840120472,850.0,927.0,,,
bank_marketing,classification,42,MCAR,0.05,simple_freq,lightgbm,0.845,0.7028358407668753,0.8590451338037546,185.0401717627248,347.5711826155511,0.5600463840120472,850.0,927.0,,,
bank_marketing,classification,42,MCAR,0.05,simple_const,logistic_regression,0.8033333333333333,0.6783631044320474,0.8307332230924388,201.95363129309152,361.6896824831694,0.5600463840120472,850.0,927.0,,,
bank_marketing,classification,42,MCAR,0.05,simple_const,random_forest,0.8616666666666667,0.6958797198185049,0.8665317463710145,201.95363129309152,361.6896824831694,0.5600463840120472,850.0,927.0,,,
bank_marketing,classification,42,MCAR,0.05,simple_const,lightgbm,0.8616666666666667,0.7275099995075482,0.8728198337701563,201.95363129309152,361.6896824831694,0.5600463840120472,850.0,927.0,,,
bank_marketing,classification,42,MCAR,0.05,knn_3,logistic_regression,0.8083333333333333,0.6854700854700855,0.8348717948717949,216.25739986780948,336.87566130173053,0.5600463840120472,850.0,927.0,,,
bank_marketing,classification,42,MCAR,0.05,knn_3,random_forest,0.8566666666666667,0.6685849347446305,0.8583311067721714,216.25739986780948,336.87566130173053,0.5600463840120472,850.0,927.0,,,
bank_marketing,classification,42,MCAR,0.05,knn_3,lightgbm,0.8483333333333334,0.7092264678471576,0.8620764212488351,216.25739986780948,336.87566130173053,0.5600463840120472,850.0,927.0,,,
bank_marketing,classification,42,MCAR,0.05,knn_5,logistic_regression,0.8066666666666666,0.6838145772382839,0.8336021515146008,215.73803380991825,325.53412560315854,0.5600463840120472,850.0,927.0,,,
bank_marketing,classification,42,MCAR,0.05,knn_5,random_forest,0.85,0.649086324764108,0.8508850822697616,215.73803380991825,325.53412560315854,0.5600463840120472,850.0,927.0,,,
bank_marketing,classification,42,MCAR,0.05,knn_5,lightgbm,0.8583333333333333,0.7209439753992963,0.8697552514513649,215.73803380991825,325.53412560315854,0.5600463840120472,850.0,927.0,,,
bank_marketing,classification,42,MCAR,0.05,knn_7,logistic_regression,0.8066666666666666,0.6838145772382839,0.8336021515146008,212.06462249611803,325.29821036909203,0.5600463840120472,850.0,927.0,,,
bank_marketing,classification,42,MCAR,0.05,knn_7,random_forest,0.8533333333333334,0.6792924998177798,0.8588459389197988,212.06462249611803,325.29821036909203,0.5600463840120472,850.0,927.0,,,
bank_marketing,classification,42,MCAR,0.05,knn_7,lightgbm,0.8533333333333334,0.7224791859389454,0.8673080481036078,212.06462249611803,325.29821036909203,0.5600463840120472,850.0,927.0,,,
bank_marketing,classification,42,MCAR,0.05,iterative,logistic_regression,0.8083333333333333,0.6876004545639762,0.8351988264643162,204.3784865930687,300.3109075319782,0.5600463840120472,850.0,927.0,,,
bank_marketing,classification,42,MCAR,0.05,iterative,random_forest,0.85,0.6647711752874277,0.8541531126617169,204.3784865930687,300.3109075319782,0.5600463840120472,850.0,927.0,,,
bank_marketing,classification,42,MCAR,0.05,iterative,lightgbm,0.855,0.722007722007722,0.8681389961389961,204.3784865930687,300.3109075319782,0.5600463840120472,850.0,927.0,,,
bank_marketing,classification,42,MCAR,0.05,miceforest,logistic_regression,0.815,0.6921782777698178,0.8399532258884539,207.35401893697434,302.6913097595537,0.0,850.0,927.0,,,
bank_marketing,classification,42,MCAR,0.05,miceforest,random_forest,0.87,0.6635514018691588,0.8638504672897197,207.35401893697434,302.6913097595537,0.0,850.0,927.0,,,
bank_marketing,classification,42,MCAR,0.05,miceforest,lightgbm,0.865,0.7411796032485688,0.8772328584742378,207.35401893697434,302.6913097595537,0.0,850.0,927.0,,,
bank_marketing,classification,42,NONE,0.0,baseline_dropna,logistic_regression,0.8266666666666667,0.7064137308039746,0.8517193616380607,,,,,,,,
bank_marketing,classification,42,NONE,0.0,baseline_dropna,random_forest,0.89,0.6115209543242819,0.8658797676973788,,,,,,,,
bank_marketing,classification,42,NONE,0.0,baseline_dropna,lightgbm,0.8566666666666667,0.7214965780781105,0.8715418438797614,,,,,,,,
bank_marketing,classification,42,MCAR,0.05,dropna,logistic_regression,0.8085106382978723,0.6768525592055004,0.8041220356614599,,,,,,,,
bank_marketing,classification,42,MCAR,0.05,dropna,random_forest,0.8936170212765957,0.7768281101614435,0.8764421814067204,,,,,,,,
bank_marketing,classification,42,MCAR,0.05,dropna,lightgbm,0.8723404255319149,0.7740384615384616,0.865998363338789,,,,,,,,
bank_marketing,classification,42,MCAR,0.05,simple_mean,logistic_regression,0.8283333333333334,0.7102821701646891,0.8532997673193913,278.18279152868064,596.4309395878311,0.545027584782865,841.0,926.0,,,
bank_marketing,classification,42,MCAR,0.05,simple_mean,random_forest,0.87,0.6994142431404788,0.8745288254033502,278.18279152868064,596.4309395878311,0.545027584782865,841.0,926.0,,,
bank_marketing,classification,42,MCAR,0.05,simple_mean,lightgbm,0.8733333333333333,0.7469815340909092,0.8852533143939394,278.18279152868064,596.4309395878311,0.545027584782865,841.0,926.0,,,
bank_marketing,classification,42,MCAR,0.05,simple_median,logistic_regression,0.8333333333333334,0.7156452010388428,0.8571148730197848,224.7093565659981,616.7603543831809,0.545027584782865,841.0,926.0,,,
bank_marketing,classification,42,MCAR,0.05,simple_median,random_forest,0.8616666666666667,0.7113227562300375,0.8724303184531228,224.7093565659981,616.7603543831809,0.545027584782865,841.0,926.0,,,
bank_marketing,classification,42,MCAR,0.05,simple_median,lightgbm,0.8716666666666667,0.7424390243902439,0.8835252032520325,224.7093565659981,616.7603543831809,0.545027584782865,841.0,926.0,,,
bank_marketing,classification,42,MCAR,0.05,simple_freq,logistic_regression,0.835,0.7153522874846056,0.8580683250351018,246.61428311931098,643.6457295188093,0.545027584782865,841.0,926.0,,,
bank_marketing,classification,42,MCAR,0.05,simple_freq,random_forest,0.86,0.6836078746484532,0.8662997187625553,246.61428311931098,643.6457295188093,0.545027584782865,841.0,926.0,,,
bank_marketing,classification,42,MCAR,0.05,simple_freq,lightgbm,0.8716666666666667,0.7374388351831961,0.8826176552492342,246.61428311931098,643.6457295188093,0.545027584782865,841.0,926.0,,,
bank_marketing,classification,42,MCAR,0.05,simple_const,logistic_regression,0.8366666666666667,0.7192727828278971,0.8596613449443639,259.77657453774515,654.4649127297778,0.545027584782865,841.0,926.0,,,
bank_marketing,classification,42,MCAR,0.05,simple_const,random_forest,0.8866666666666667,0.7105890364317331,0.8851617296561117,259.77657453774515,654.4649127297778,0.545027584782865,841.0,926.0,,,
bank_marketing,classification,42,MCAR,0.05,simple_const,lightgbm,0.8716666666666667,0.7399688187717748,0.8830784239784021,259.77657453774515,654.4649127297778,0.545027584782865,841.0,926.0,,,
bank_marketing,classification,42,MCAR,0.05,knn_3,logistic_regression,0.8333333333333334,0.7156452010388428,0.8571148730197848,270.13715147514114,615.7142295776215,0.545027584782865,841.0,926.0,,,
bank_marketing,classification,42,MCAR,0.05,knn_3,random_forest,0.86,0.6971153846153846,0.8688846153846154,270.13715147514114,615.7142295776215,0.545027584782865,841.0,926.0,,,
bank_marketing,classification,42,MCAR,0.05,knn_3,lightgbm,0.8733333333333333,0.739577384351799,0.8839093851132686,270.13715147514114,615.7142295776215,0.545027584782865,841.0,926.0,,,
bank_marketing,classification,42,MCAR,0.05,knn_5,logistic_regression,0.83,0.712059620596206,0.8545709123757905,264.6318139471361,611.8764536593187,0.545027584782865,841.0,926.0,,,
bank_marketing,classification,42,MCAR,0.05,knn_5,random_forest,0.8733333333333333,0.7137404580152672,0.879033078880407,264.6318139471361,611.8764536593187,0.545027584782865,841.0,926.0,,,
bank_marketing,classification,42,MCAR,0.05,knn_5,lightgbm,0.88,0.7532838378069675,0.8900194174757282,264.6318139471361,611.8764536593187,0.545027584782865,841.0,926.0,,,
bank_marketing,classification,42,MCAR,0.05,knn_7,logistic_regression,0.8333333333333334,0.7156452010388428,0.8571148730197848,261.71854189540625,611.7288871378736,0.545027584782865,841.0,926.0,,,
bank_marketing,classification,42,MCAR,0.05,knn_7,random_forest,0.875,0.7126418431790752,0.8796799468706696,261.71854189540625,611.7288871378736,0.545027584782865,841.0,926.0,,,
bank_marketing,classification,42,MCAR,0.05,knn_7,lightgbm,0.8683333333333333,0.7382242324833905,0.880944380933446,261.71854189540625,611.7288871378736,0.545027584782865,841.0,926.0,,,
bank_marketing,classification,42,MCAR,0.05,iterative,logistic_regression,0.83,0.712059620596206,0.8545709123757905,275.78597839189734,595.0432257092317,0.545027584782865,841.0,926.0,,,
bank_marketing,classification,42,MCAR,0.05,iterative,random_forest,0.875,0.7058342866481452,0.8783461349893774,275.78597839189734,595.0432257092317,0.545027584782865,841.0,926.0,,,
bank_marketing,classification,42,MCAR,0.05,iterative,lightgbm,0.8816666666666667,0.7602309887376105,0.8921891961359291,275.78597839189734,595.0432257092317,0.545027584782865,841.0,926.0,,,
bank_marketing,classification,42,MCAR,0.05,miceforest,logistic_regression,0.7633333333333333,0.6369586337372808,0.8026023077840841,278.18279152868064,596.4309395878311,0.0,841.0,926.0,,,
bank_marketing,classification,42,MCAR,0.05,miceforest,random_forest,0.8883333333333333,0.7307777308982781,0.8900496252988569,278.18279152868064,596.4309395878311,0.0,841.0,926.0,,,
bank_marketing,classification,42,MCAR,0.05,miceforest,lightgbm,0.8683333333333333,0.7430044621799077,0.8817934746266606,278.18279152868064,596.4309395878311,0.0,841.0,926.0,,,
bank_marketing,classification,42,NONE,0.0,baseline_dropna,logistic_regression,0.8466666666666667,0.7283250649657453,0.8657925820930782,,,,,,,,
bank_marketing,classification,42,NONE,0.0,baseline_dropna,random_forest,0.8983333333333333,0.6220218731604549,0.8697865353037768,,,,,,,,
bank_marketing,classification,42,NONE,0.0,baseline_dropna,lightgbm,0.8933333333333333,0.7716406194248198,0.8994457527533956,,,,,,,,
bank_marketing,classification,42,MCAR,0.05,dropna,logistic_regression,0.8,0.6997776130467013,0.8269829503335803,,,,,,,,
bank_marketing,classification,42,MCAR,0.05,dropna,random_forest,0.8666666666666667,0.5884146341463414,0.8365853658536586,,,,,,,,
bank_marketing,classification,42,MCAR,0.05,dropna,lightgbm,0.8444444444444444,0.7461724415793715,0.8619930163846361,,,,,,,,
bank_marketing,classification,42,MCAR,0.05,simple_mean,logistic_regression,0.8333333333333334,0.7092121588089331,0.8548645574855253,263.9858049037553,432.9380651100943,0.5400913411634388,841.0,905.0,,,
bank_marketing,classification,42,MCAR,0.05,simple_mean,random_forest,0.8833333333333333,0.7270671414831951,0.8853985252961106,263.9858049037553,432.9380651100943,0.5400913411634388,841.0,905.0,,,
bank_marketing,classification,42,MCAR,0.05,simple_mean,lightgbm,0.8666666666666667,0.7145507742810248,0.8743071909417446,263.9858049037553,432.9380651100943,0.5400913411634388,841.0,905.0,,,
bank_marketing,classification,42,MCAR,0.05,simple_median,logistic_regression,0.835,0.7087878416472607,0.8557690893491849,203.9458727985491,452.3502173057304,0.5400913411634388,841.0,905.0,,,
bank_marketing,classification,42,MCAR,0.05,simple_median,random_forest,0.8766666666666667,0.7044649751058335,0.8774186391188973,203.9458727985491,452.3502173057304,0.5400913411634388,841.0,905.0,,,
bank_marketing,classification,42,MCAR,0.05,simple_median,lightgbm,0.865,0.7182788343931691,0.8741488948530817,203.9458727985491,452.3502173057304,0.5400913411634388,841.0,905.0,,,
bank_marketing,classification,42,MCAR,0.05,simple_freq,logistic_regression,0.835,0.7132083488236232,0.856492644325243,224.77503071559218,481.21568476633865,0.5400913411634388,841.0,905.0,,,
bank_marketing,classification,42,MCAR,0.05,simple_freq,random_forest,0.8783333333333333,0.710223551283154,0.8794368986421967,224.77503071559218,481.21568476633865,0.5400913411634388,841.0,905.0,,,
bank_marketing,classification,42,MCAR,0.05,simple_freq,lightgbm,0.8833333333333333,0.7448917612186885,0.8889712254104002,224.77503071559218,481.21568476633865,0.5400913411634388,841.0,905.0,,,
bank_marketing,classification,42,MCAR,0.05,simple_const,logistic_regression,0.8283333333333334,0.7038513698072159,0.851053691714707,240.45018521340697,493.1311242394614,0.5400913411634388,841.0,905.0,,,
bank_marketing,classification,42,MCAR,0.05,simple_const,random_forest,0.87,0.7028571428571428,0.8737142857142857,240.45018521340697,493.1311242394614,0.5400913411634388,841.0,905.0,,,
bank_marketing,classification,42,MCAR,0.05,simple_const,lightgbm,0.875,0.7281278886411832,0.8813278233918763,240.45018521340697,493.1311242394614,0.5400913411634388,841.0,905.0,,,
bank_marketing,classification,42,MCAR,0.05,knn_3,logistic_regression,0.8366666666666667,0.7128401476822097,0.8574091799990883,307.7342850999573,571.6585517486209,0.5400913411634388,841.0,905.0,,,
bank_marketing,classification,42,MCAR,0.05,knn_3,random_forest,0.8983333333333333,0.7454355764214919,0.8966892714310554,307.7342850999573,571.6585517486209,0.5400913411634388,841.0,905.0,,,
bank_marketing,classification,42,MCAR,0.05,knn_3,lightgbm,0.8733333333333333,0.7316131462472926,0.8811344445490787,307.7342850999573,571.6585517486209,0.5400913411634388,841.0,905.0,,,
bank_marketing,classification,42,MCAR,0.05,knn_5,logistic_regression,0.8383333333333334,0.7146709155533766,0.8586828451199086,282.2743264281393,491.5772849277995,0.5400913411634388,841.0,905.0,,,
bank_marketing,classification,42,MCAR,0.05,knn_5,random_forest,0.8866666666666667,0.7438730413820811,0.8904914959153609,282.2743264281393,491.5772849277995,0.5400913411634388,841.0,905.0,,,
bank_marketing,classification,42,MCAR,0.05,knn_5,lightgbm,0.87,0.7157365339293957,0.8762822226001604,282.2743264281393,491.5772849277995,0.5400913411634388,841.0,905.0,,,
bank_marketing,classification,42,MCAR,0.05,knn_7,logistic_regression,0.8366666666666667,0.7128401476822097,0.8574091799990883,270.01490864683274,462.84975984721893,0.5400913411634388,841.0,905.0,,,
bank_marketing,classification,42,MCAR,0.05,knn_7,random_forest,0.8716666666666667,0.660969685406286,0.8658758405432313,270.01490864683274,462.84975984721893,0.5400913411634388,841.0,905.0,,,
bank_marketing,classification,42,MCAR,0.05,knn_7,lightgbm,0.8716666666666667,0.726677355041383,0.8792976830679974,270.01490864683274,462.84975984721893,0.5400913411634388,841.0,905.0,,,
bank_marketing,classification,42,MCAR,0.05,iterative,logistic_regression,0.8333333333333334,0.7069797425328671,0.8544991632643759,260.9480150365291,429.98813800836064,0.5400913411634388,841.0,905.0,,,
bank_marketing,classification,42,MCAR,0.05,iterative,random_forest,0.8816666666666667,0.7037037037037037,0.879753086419753,260.9480150365291,429.98813800836064,0.5400913411634388,841.0,905.0,,,
bank_marketing,classification,42,MCAR,0.05,iterative,lightgbm,0.8783333333333333,0.7461031470456956,0.8865786336330244,260.9480150365291,429.98813800836064,0.5400913411634388,841.0,905.0,,,
bank_marketing,classification,42,MCAR,0.05,miceforest,logistic_regression,0.84,0.7165131112686038,0.8599574769666903,263.9858049037553,432.9380651100943,0.0,841.0,905.0,,,
bank_marketing,classification,42,MCAR,0.05,miceforest,random_forest,0.8866666666666667,0.6942079386017508,0.8801974657233083,263.9858049037553,432.9380651100943,0.0,841.0,905.0,,,
bank_marketing,classification,42,MCAR,0.05,miceforest,lightgbm,0.8883333333333333,0.7545053159980702,0.8934689457367182,263.9858049037553,432.9380651100943,0.0,841.0,905.0,,,
air_quality_uci,regression,42,NONE,0.0,baseline_dropna,ridge_regression,,,,,,,,,0.8369717204717059,1.1465453696213777,0.9777383837411985
air_quality_uci,regression,42,NONE,0.0,baseline_dropna,random_forest,,,,,,,,,0.025528477248785462,0.10219051546929972,0.9998231539425029
air_quality_uci,regression,42,NONE,0.0,baseline_dropna,lightgbm,,,,,,,,,0.0995674993981468,0.540144710691986,0.9950592320396903
air_quality_uci,regression,42,MCAR,0.05,dropna,ridge_regression,,,,,,,,,0.4957406016365691,0.6105769060855436,0.993469064522583
air_quality_uci,regression,42,MCAR,0.05,dropna,random_forest,,,,,,,,,0.26852941176470607,0.34370387391063356,0.9979305092022411
air_quality_uci,regression,42,MCAR,0.05,dropna,lightgbm,,,,,,,,,0.9381773955823183,1.6201804804405708,0.9540144445593758
air_quality_uci,regression,42,MCAR,0.05,simple_mean,ridge_regression,,,,133.47687638542945,171.35730871278238,,1241.0,0.0,1.1660096793521735,1.685887773568927,0.9518682641232732
air_quality_uci,regression,42,MCAR,0.05,simple_mean,random_forest,,,,133.47687638542945,171.35730871278238,,1241.0,0.0,0.19821958034623416,0.6229267216590327,0.9934287479566907
air_quality_uci,regression,42,MCAR,0.05,simple_mean,lightgbm,,,,133.47687638542945,171.35730871278238,,1241.0,0.0,0.2922579801016629,0.7591308331075123,0.9902409517511604
air_quality_uci,regression,42,MCAR,0.05,simple_median,ridge_regression,,,,134.99774718586445,176.75240467241304,,1241.0,0.0,1.144147294100075,1.6744118338488259,0.9525213051439348
air_quality_uci,regression,42,MCAR,0.05,simple_median,random_forest,,,,134.99774718586445,176.75240467241304,,1241.0,0.0,0.18284887674314015,0.5990709328346521,0.9939224197987037
air_quality_uci,regression,42,MCAR,0.05,simple_median,lightgbm,,,,134.99774718586445,176.75240467241304,,1241.0,0.0,0.2848813620849116,0.74472014484299,0.9906079497775857
air_quality_uci,regression,42,MCAR,0.05,simple_freq,ridge_regression,,,,147.5693009107941,195.36006019348494,,1241.0,0.0,1.159332550336457,1.6940233200672272,0.9514026070428344
air_quality_uci,regression,42,MCAR,0.05,simple_freq,random_forest,,,,147.5693009107941,195.36006019348494,,1241.0,0.0,0.1957651287525407,0.6053551132615843,0.9937942448987573
air_quality_uci,regression,42,MCAR,0.05,simple_freq,lightgbm,,,,147.5693009107941,195.36006019348494,,1241.0,0.0,0.291832432109422,0.7784188267770211,0.9897387359079924
air_quality_uci,regression,42,MCAR,0.05,simple_const,ridge_regression,,,,513.7921901630949,545.0758022611357,,1241.0,0.0,2.227511665382019,3.0788569152798027,0.8394711053743847
air_quality_uci,regression,42,MCAR,0.05,simple_const,random_forest,,,,513.7921901630949,545.0758022611357,,1241.0,0.0,0.15207855862682498,0.5328170376394604,0.9951923769366089
air_quality_uci,regression,42,MCAR,0.05,simple_const,lightgbm,,,,513.7921901630949,545.0758022611357,,1241.0,0.0,0.24174399287175247,0.7529088365029037,0.9904002705993091
air_quality_uci,regression,42,MCAR,0.05,knn_3,ridge_regression,,,,52.074270406236785,72.81658285160555,,1241.0,0.0,0.7830334859520143,1.0967243135445917,0.9796310263757708
air_quality_uci,regression,42,MCAR,0.05,knn_3,random_forest,,,,52.074270406236785,72.81658285160555,,1241.0,0.0,0.19766723134503705,0.5934821849066559,0.9940352866622721
air_quality_uci,regression,42,MCAR,0.05,knn_3,lightgbm,,,,52.074270406236785,72.81658285160555,,1241.0,0.0,0.2660762257082005,0.7742515692212647,0.9898483089750117
air_quality_uci,regression,42,MCAR,0.05,knn_5,ridge_regression,,,,48.865476085320374,67.25213309432557,,1241.0,0.0,0.7528524936353632,1.062628177513288,0.9808778439345809
air_quality_uci,regression,42,MCAR,0.05,knn_5,random_forest,,,,48.865476085320374,67.25213309432557,,1241.0,0.0,0.20115500019505914,0.5768580824235132,0.9943647632489214
air_quality_uci,regression,42,MCAR,0.05,knn_5,lightgbm,,,,48.865476085320374,67.25213309432557,,1241.0,0.0,0.24608530786516236,0.7339869128543365,0.9908767235362518
air_quality_uci,regression,42,MCAR,0.05,knn_7,ridge_regression,,,,48.93805129558887,66.49481165184629,,1241.0,0.0,0.7274082880012274,1.060171281350476,0.980966166153842
air_quality_uci,regression,42,MCAR,0.05,knn_7,random_forest,,,,48.93805129558887,66.49481165184629,,1241.0,0.0,0.17791165263771921,0.5483582420412124,0.994907829300245
air_quality_uci,regression,42,MCAR,0.05,knn_7,lightgbm,,,,48.93805129558887,66.49481165184629,,1241.0,0.0,0.23627747195612703,0.7536323906618941,0.9903818108300698
air_quality_uci,regression,42,MCAR,0.05,iterative,ridge_regression,,,,45.89086816404079,60.80816275821687,,1241.0,0.0,0.8407693001880927,1.1225804941393605,0.9786592741833416
air_quality_uci,regression,42,MCAR,0.05,iterative,random_forest,,,,45.89086816404079,60.80816275821687,,1241.0,0.0,0.12696913084116954,0.3282416480529277,0.998175425622863
air_quality_uci,regression,42,MCAR,0.05,iterative,lightgbm,,,,45.89086816404079,60.80816275821687,,1241.0,0.0,0.19248151367416003,0.6369935028984265,0.9931286161768835
air_quality_uci,regression,42,MCAR,0.05,miceforest,ridge_regression,,,,133.47687638542945,171.35730871278238,,1241.0,0.0,1.1660096793521735,1.685887773568927,0.9518682641232732
air_quality_uci,regression,42,MCAR,0.05,miceforest,random_forest,,,,133.47687638542945,171.35730871278238,,1241.0,0.0,0.19821958034623416,0.6229267216590327,0.9934287479566907
air_quality_uci,regression,42,MCAR,0.05,miceforest,lightgbm,,,,133.47687638542945,171.35730871278238,,1241.0,0.0,0.2922579801016629,0.7591308331075123,0.9902409517511604
air_quality_uci,regression,42,NONE,0.0,baseline_dropna,ridge_regression,,,,,,,,,0.8554534215606294,1.1873235563900157,0.9768910896307327
air_quality_uci,regression,42,NONE,0.0,baseline_dropna,random_forest,,,,,,,,,0.045061218774491874,0.2607909687344725,0.9988851244407767
air_quality_uci,regression,42,NONE,0.0,baseline_dropna,lightgbm,,,,,,,,,0.11713413220479,0.6192111260632185,0.9937148043389086
air_quality_uci,regression,42,MCAR,0.05,dropna,ridge_regression,,,,,,,,,0.5937955708803229,0.8926605328187909,0.9848590440356713
air_quality_uci,regression,42,MCAR,0.05,dropna,random_forest,,,,,,,,,0.5539285714285717,1.1070923951633722,0.9767111328267483
air_quality_uci,regression,42,MCAR,0.05,dropna,lightgbm,,,,,,,,,0.8309358137589895,1.397047418614649,0.9629146037890258
air_quality_uci,regression,42,MCAR,0.05,simple_mean,ridge_regression,,,,130.70135977537436,166.41199256674022,,1200.0,0.0,1.1582345782849102,1.7451413250332082,0.9500767896593955
air_quality_uci,regression,42,MCAR,0.05,simple_mean,random_forest,,,,130.70135977537436,166.41199256674022,,1200.0,0.0,0.1988654977040821,0.7679569119904277,0.9903324816108382
air_quality_uci,regression,42,MCAR,0.05,simple_mean,lightgbm,,,,130.70135977537436,166.41199256674022,,1200.0,0.0,0.30209879556250346,0.9013796101904663,0.9866814557105816
air_quality_uci,regression,42,MCAR,0.05,simple_median,ridge_regression,,,,131.3197695020385,170.8933256529347,,1200.0,0.0,1.1557074916460504,1.7424315205708434,0.9502317078945454
air_quality_uci,regression,42,MCAR,0.05,simple_median,random_forest,,,,131.3197695020385,170.8933256529347,,1200.0,0.0,0.1843597187597062,0.6964008289852992,0.9920501330837532
air_quality_uci,regression,42,MCAR,0.05,simple_median,lightgbm,,,,131.3197695020385,170.8933256529347,,1200.0,0.0,0.2965978520023423,0.9078704340501023,0.986488951729464
air_quality_uci,regression,42,MCAR,0.05,simple_freq,ridge_regression,,,,143.39390751581453,187.78374508587646,,1200.0,0.0,1.2132823790665876,1.7987505670354278,0.9469624825918626
air_quality_uci,regression,42,MCAR,0.05,simple_freq,random_forest,,,,143.39390751581453,187.78374508587646,,1200.0,0.0,0.18195467657929415,0.6997613357955165,0.9919732232373255
air_quality_uci,regression,42,MCAR,0.05,simple_freq,lightgbm,,,,143.39390751581453,187.78374508587646,,1200.0,0.0,0.29705347152360695,0.9304024310807208,0.9858099811416996
air_quality_uci,regression,42,MCAR,0.05,simple_const,ridge_regression,,,,505.9873038909632,539.2220067509959,,1200.0,0.0,2.290009836578774,3.274468466794336,0.8242388341521907
air_quality_uci,regression,42,MCAR,0.05,simple_const,random_forest,,,,505.9873038909632,539.2220067509959,,1200.0,0.0,0.1639861600783556,0.6677518011489283,0.9926907732345646
air_quality_uci,regression,42,MCAR,0.05,simple_const,lightgbm,,,,505.9873038909632,539.2220067509959,,1200.0,0.0,0.25718054799028306,0.9018657389224396,0.9866670860202027
air_quality_uci,regression,42,MCAR,0.05,knn_3,ridge_regression,,,,49.112835867952946,68.07959290679045,,1200.0,0.0,0.700771471076901,1.0690770671355907,0.9812647571562524
air_quality_uci,regression,42,MCAR,0.05,knn_3,random_forest,,,,49.112835867952946,68.07959290679045,,1200.0,0.0,0.1743977363045545,0.5490697768980476,0.9950580724120193
air_quality_uci,regression,42,MCAR,0.05,knn_3,lightgbm,,,,49.112835867952946,68.07959290679045,,1200.0,0.0,0.2478726362838521,0.7838053863286089,0.9899293434068909
air_quality_uci,regression,42,MCAR,0.05,knn_5,ridge_regression,,,,45.86551128345693,62.7289100457821,,1200.0,0.0,0.6822205474243663,1.0553230437492598,0.9817437261206503
air_quality_uci,regression,42,MCAR,0.05,knn_5,random_forest,,,,45.86551128345693,62.7289100457821,,1200.0,0.0,0.17526285745500125,0.5629714544208203,0.9948046591148703
air_quality_uci,regression,42,MCAR,0.05,knn_5,lightgbm,,,,45.86551128345693,62.7289100457821,,1200.0,0.0,0.22740752073474177,0.7509467929915292,0.9907560064565583
air_quality_uci,regression,42,MCAR,0.05,knn_7,ridge_regression,,,,45.080151901772176,60.952505335532834,,1200.0,0.0,0.6996520656707994,1.0981408718833645,0.98023224219403
air_quality_uci,regression,42,MCAR,0.05,knn_7,random_forest,,,,45.080151901772176,60.952505335532834,,1200.0,0.0,0.15737761658686641,0.5157862754633145,0.9956390524507748
air_quality_uci,regression,42,MCAR,0.05,knn_7,lightgbm,,,,45.080151901772176,60.952505335532834,,1200.0,0.0,0.21780777496595366,0.7496639044177,0.990787563642934
air_quality_uci,regression,42,MCAR,0.05,iterative,ridge_regression,,,,49.09740837455979,67.6867115036912,,1200.0,0.0,0.8603544251051719,1.2197958107023414,0.9756097880370693
air_quality_uci,regression,42,MCAR,0.05,iterative,random_forest,,,,49.09740837455979,67.6867115036912,,1200.0,0.0,0.14611481038755533,0.4835982066655659,0.9961663658683964
air_quality_uci,regression,42,MCAR,0.05,iterative,lightgbm,,,,49.09740837455979,67.6867115036912,,1200.0,0.0,0.2063377533701073,0.7480674037854959,0.9908267598734155
air_quality_uci,regression,42,MCAR,0.05,miceforest,ridge_regression,,,,130.70135977537436,166.41199256674022,,1200.0,0.0,1.1582345782849102,1.7451413250332082,0.9500767896593955
air_quality_uci,regression,42,MCAR,0.05,miceforest,random_forest,,,,130.70135977537436,166.41199256674022,,1200.0,0.0,0.1988654977040821,0.7679569119904277,0.9903324816108382
air_quality_uci,regression,42,MCAR,0.05,miceforest,lightgbm,,,,130.70135977537436,166.41199256674022,,1200.0,0.0,0.30209879556250346,0.9013796101904663,0.9866814557105816
air_quality_uci,regression,42,NONE,0.0,baseline_dropna,ridge_regression,,,,,,,,,0.790877150197615,1.1293343658813795,0.9769136632891803
air_quality_uci,regression,42,NONE,0.0,baseline_dropna,random_forest,,,,,,,,,0.028547187323722814,0.17331970898427027,0.9994562417743406
air_quality_uci,regression,42,NONE,0.0,baseline_dropna,lightgbm,,,,,,,,,0.08646857668922463,0.5071855213579656,0.9953436712845167
air_quality_uci,regression,42,MCAR,0.05,dropna,ridge_regression,,,,,,,,,0.5132579702562003,0.6496399620854643,0.9833380911806261
air_quality_uci,regression,42,MCAR,0.05,dropna,random_forest,,,,,,,,,0.2333333333333333,0.3527699911651597,0.9950868213354483
air_quality_uci,regression,42,MCAR,0.05,dropna,lightgbm,,,,,,,,,0.7395670085818544,1.2349339892449296,0.9397902565505032
air_quality_uci,regression,42,MCAR,0.05,simple_mean,ridge_regression,,,,132.37975250662592,167.4112102316664,,1216.0,0.0,1.1015982153592512,1.6291471099158767,0.9519569531606985
air_quality_uci,regression,42,MCAR,0.05,simple_mean,random_forest,,,,132.37975250662592,167.4112102316664,,1216.0,0.0,0.19863414870648985,0.7892444385238416,0.9887245729882794
air_quality_uci,regression,42,MCAR,0.05,simple_mean,lightgbm,,,,132.37975250662592,167.4112102316664,,1216.0,0.0,0.30155214346581466,0.8741356206446146,0.9861685543903044
air_quality_uci,regression,42,MCAR,0.05,simple_median,ridge_regression,,,,130.35777001046227,170.16283388543718,,1216.0,0.0,1.103719476613677,1.6445928415678774,0.9510416549757083
air_quality_uci,regression,42,MCAR,0.05,simple_median,random_forest,,,,130.35777001046227,170.16283388543718,,1216.0,0.0,0.2017447208579869,0.7885409047795867,0.9887446658959039
air_quality_uci,regression,42,MCAR,0.05,simple_median,lightgbm,,,,130.35777001046227,170.16283388543718,,1216.0,0.0,0.30794852224081243,0.9017266242805978,0.9852816297713333
air_quality_uci,regression,42,MCAR,0.05,simple_freq,ridge_regression,,,,144.13429639970025,193.20308622234174,,1216.0,0.0,1.1294978558884639,1.6992939915311955,0.9477306642433828
air_quality_uci,regression,42,MCAR,0.05,simple_freq,random_forest,,,,144.13429639970025,193.20308622234174,,1216.0,0.0,0.22156085007020507,0.8063833185135085,0.988229551606869
air_quality_uci,regression,42,MCAR,0.05,simple_freq,lightgbm,,,,144.13429639970025,193.20308622234174,,1216.0,0.0,0.29472901457000544,0.8553245934404947,0.9867574428241249
air_quality_uci,regression,42,MCAR,0.05,simple_const,ridge_regression,,,,504.5608615896646,538.4796677669498,,1216.0,0.0,2.1813050187542222,3.055896890324829,0.8309608382131672
air_quality_uci,regression,42,MCAR,0.05,simple_const,random_forest,,,,504.5608615896646,538.4796677669498,,1216.0,0.0,0.15757860707327895,0.6369332340524682,0.9926565903165303
air_quality_uci,regression,42,MCAR,0.05,simple_const,lightgbm,,,,504.5608615896646,538.4796677669498,,1216.0,0.0,0.2662490965140109,0.8888147220219295,0.9857001192283243
air_quality_uci,regression,42,MCAR,0.05,knn_3,ridge_regression,,,,44.23308227777546,62.67883511410608,,1216.0,0.0,0.701934789071948,1.0754563338314382,0.9790639136540736
air_quality_uci,regression,42,MCAR,0.05,knn_3,random_forest,,,,44.23308227777546,62.67883511410608,,1216.0,0.0,0.19844966376429765,0.6795577654511877,0.9916408388704526
air_quality_uci,regression,42,MCAR,0.05,knn_3,lightgbm,,,,44.23308227777546,62.67883511410608,,1216.0,0.0,0.24246128889590382,0.7624877806334769,0.9894761242026914
air_quality_uci,regression,42,MCAR,0.05,knn_5,ridge_regression,,,,42.3331622183455,61.61674510901356,,1216.0,0.0,0.6807194843344401,1.044076924120956,0.9802678262067103
air_quality_uci,regression,42,MCAR,0.05,knn_5,random_forest,,,,42.3331622183455,61.61674510901356,,1216.0,0.0,0.18895668126444568,0.6010399419905551,0.9934609206823652
air_quality_uci,regression,42,MCAR,0.05,knn_5,lightgbm,,,,42.3331622183455,61.61674510901356,,1216.0,0.0,0.2323149285845632,0.7085013796096223,0.9909136107408809
air_quality_uci,regression,42,MCAR,0.05,knn_7,ridge_regression,,,,41.00399517037934,59.138403054900216,,1216.0,0.0,0.6662873565374261,1.0336612741956783,0.980659556480658
air_quality_uci,regression,42,MCAR,0.05,knn_7,random_forest,,,,41.00399517037934,59.138403054900216,,1216.0,0.0,0.19634088707195185,0.6323562530713986,0.9927617501109157
air_quality_uci,regression,42,MCAR,0.05,knn_7,lightgbm,,,,41.00399517037934,59.138403054900216,,1216.0,0.0,0.23522108217009643,0.7344418924478353,0.99023606635238
air_quality_uci,regression,42,MCAR,0.05,iterative,ridge_regression,,,,43.71032627910103,60.089347412217386,,1216.0,0.0,0.8056603933697658,1.1521048138356955,0.9759733113870235
air_quality_uci,regression,42,MCAR,0.05,iterative,random_forest,,,,43.71032627910103,60.089347412217386,,1216.0,0.0,0.14088703511983303,0.46125628949579356,0.9961488135972123
air_quality_uci,regression,42,MCAR,0.05,iterative,lightgbm,,,,43.71032627910103,60.089347412217386,,1216.0,0.0,0.17328028203585116,0.6149098166238093,0.9931556408574737
air_quality_uci,regression,42,MCAR,0.05,miceforest,ridge_regression,,,,132.37975250662592,167.4112102316664,,1216.0,0.0,1.1015982153592512,1.6291471099158767,0.9519569531606985
air_quality_uci,regression,42,MCAR,0.05,miceforest,random_forest,,,,132.37975250662592,167.4112102316664,,1216.0,0.0,0.19863414870648985,0.7892444385238416,0.9887245729882794
air_quality_uci,regression,42,MCAR,0.05,miceforest,lightgbm,,,,132.37975250662592,167.4112102316664,,1216.0,0.0,0.30155214346581466,0.8741356206446146,0.9861685543903044
communities_crime,regression,42,NONE,0.0,baseline_dropna,ridge_regression,,,,,,,,,0.09410276792877946,0.13434782532706915,0.6231536338065957
communities_crime,regression,42,NONE,0.0,baseline_dropna,random_forest,,,,,,,,,0.09345970193292749,0.13967900529837182,0.5926522543311554
communities_crime,regression,42,NONE,0.0,baseline_dropna,lightgbm,,,,,,,,,0.08941399997421538,0.13516374381525542,0.6185624229718081
communities_crime,regression,42,MCAR,0.05,simple_mean,ridge_regression,,,,0.14633100728443263,0.1945496453776154,,8256.0,0.0,0.09525657431714774,0.13567161684152648,0.6156905609969789
communities_crime,regression,42,MCAR,0.05,simple_mean,random_forest,,,,0.14633100728443263,0.1945496453776154,,8256.0,0.0,0.0981346247418182,0.14295162401525296,0.5733406797636484
communities_crime,regression,42,MCAR,0.05,simple_mean,lightgbm,,,,0.14633100728443263,0.1945496453776154,,8256.0,0.0,0.09329424716260455,0.13684291055038011,0.6090261999157118
communities_crime,regression,42,MCAR,0.05,simple_median,ridge_regression,,,,0.13624645835908686,0.20144132670485687,,8256.0,0.0,0.09349268654602469,0.13426051571106518,0.623643282525663
communities_crime,regression,42,MCAR,0.05,simple_median,random_forest,,,,0.13624645835908686,0.20144132670485687,,8256.0,0.0,0.09432071262075242,0.1380118797847362,0.6023179467887316
communities_crime,regression,42,MCAR,0.05,simple_median,lightgbm,,,,0.13624645835908686,0.20144132670485687,,8256.0,0.0,0.09065926293886266,0.13521283070577156,0.6182853222650745
communities_crime,regression,42,MCAR,0.05,simple_freq,ridge_regression,,,,0.16227707540298733,0.23655173080037079,,8256.0,0.0,0.0917056512662085,0.13247019006006977,0.63361357958746
communities_crime,regression,42,MCAR,0.05,simple_freq,random_forest,,,,0.16227707540298733,0.23655173080037079,,8256.0,0.0,0.09780985662034337,0.14164484184121073,0.5811055777463805
communities_crime,regression,42,MCAR,0.05,simple_freq,lightgbm,,,,0.16227707540298733,0.23655173080037079,,8256.0,0.0,0.09199459297728005,0.13645296862256856,0.6112512309240241
communities_crime,regression,42,MCAR,0.05,simple_const,ridge_regression,,,,0.3536194412864528,0.41371526382625745,,8256.0,0.0,0.09646810909636723,0.13708575322973693,0.6076373172906363
communities_crime,regression,42,MCAR,0.05,simple_const,random_forest,,,,0.3536194412864528,0.41371526382625745,,8256.0,0.0,0.10434647615127857,0.14782382062781563,0.5437615369688187
communities_crime,regression,42,MCAR,0.05,simple_const,lightgbm,,,,0.3536194412864528,0.41371526382625745,,8256.0,0.0,0.09360606184546053,0.1392127378232995,0.5953672793039018
communities_crime,regression,42,MCAR,0.05,knn_3,ridge_regression,,,,0.0765893559153097,0.10971705863824882,,8256.0,0.0,0.09367176441087238,0.1305319085378363,0.6442569485954465
communities_crime,regression,42,MCAR,0.05,knn_3,random_forest,,,,0.0765893559153097,0.10971705863824882,,8256.0,0.0,0.09808078924928308,0.1432230637303338,0.5717188410669916
communities_crime,regression,42,MCAR,0.05,knn_3,lightgbm,,,,0.0765893559153097,0.10971705863824882,,8256.0,0.0,0.09213516854918857,0.14022809790891627,0.5894433071489389
communities_crime,regression,42,MCAR,0.05,knn_5,ridge_regression,,,,0.07363990151525923,0.10578059993842656,,8256.0,0.0,0.09465540149735262,0.13325389318784353,0.6292656195136392
communities_crime,regression,42,MCAR,0.05,knn_5,random_forest,,,,0.07363990151525923,0.10578059993842656,,8256.0,0.0,0.09742406502060065,0.14505390207201915,0.5606993131061528
communities_crime,regression,42,MCAR,0.05,knn_5,lightgbm,,,,0.07363990151525923,0.10578059993842656,,8256.0,0.0,0.09253240369895126,0.137990316080092,0.6024422089668943
communities_crime,regression,42,MCAR,0.05,knn_7,ridge_regression,,,,0.0737959044777605,0.10642247477985027,,8256.0,0.0,0.0937047539641484,0.13259243967009857,0.6329370309328406
communities_crime,regression,42,MCAR,0.05,knn_7,random_forest,,,,0.0737959044777605,0.10642247477985027,,8256.0,0.0,0.09746930070205478,0.14046782848715522,0.5880383515710585
communities_crime,regression,42,MCAR,0.05,knn_7,lightgbm,,,,0.0737959044777605,0.10642247477985027,,8256.0,0.0,0.09125898776552371,0.1331523890416255,0.6298302070601949
communities_crime,regression,42,MCAR,0.05,iterative,ridge_regression,,,,0.051334414186578664,0.07128536080061608,,8256.0,0.0,0.09301830553727998,0.1312183294380801,0.6405056586444189
communities_crime,regression,42,MCAR,0.05,iterative,random_forest,,,,0.051334414186578664,0.07128536080061608,,8256.0,0.0,0.09697114494500297,0.14324320686705755,0.5715983642056719
communities_crime,regression,42,MCAR,0.05,iterative,lightgbm,,,,0.051334414186578664,0.07128536080061608,,8256.0,0.0,0.09116922787895924,0.13643083050581667,0.6113773618186771
communities_crime,regression,42,MCAR,0.05,miceforest,ridge_regression,,,,0.14633100728443263,0.1945496453776154,,8256.0,0.0,0.09525657431714774,0.13567161684152648,0.6156905609969789
communities_crime,regression,42,MCAR,0.05,miceforest,random_forest,,,,0.14633100728443263,0.1945496453776154,,8256.0,0.0,0.0981346247418182,0.14295162401525296,0.5733406797636484
communities_crime,regression,42,MCAR,0.05,miceforest,lightgbm,,,,0.14633100728443263,0.1945496453776154,,8256.0,0.0,0.09329424716260455,0.13684291055038011,0.6090261999157118
communities_crime,regression,42,NONE,0.0,baseline_dropna,ridge_regression,,,,,,,,,0.0998970473511216,0.1407417806068293,0.6268871237351472
communities_crime,regression,42,NONE,0.0,baseline_dropna,random_forest,,,,,,,,,0.09732235864247198,0.14233927865034302,0.6183689733831338
communities_crime,regression,42,NONE,0.0,baseline_dropna,lightgbm,,,,,,,,,0.0934193230113728,0.13757226359187152,0.6435029661295228
communities_crime,regression,42,MCAR,0.05,simple_mean,ridge_regression,,,,0.14248595719028473,0.18587068061503437,,8235.0,0.0,0.10002625656226469,0.14288081019504162,0.6154596096215545
communities_crime,regression,42,MCAR,0.05,simple_mean,random_forest,,,,0.14248595719028473,0.18587068061503437,,8235.0,0.0,0.09749919816961788,0.14190508293445825,0.6206936981747457
communities_crime,regression,42,MCAR,0.05,simple_mean,lightgbm,,,,0.14248595719028473,0.18587068061503437,,8235.0,0.0,0.09248038672110755,0.13738505093994827,0.6444725706401373
communities_crime,regression,42,MCAR,0.05,simple_median,ridge_regression,,,,0.13256489884600267,0.19159098780904296,,8235.0,0.0,0.10001444476173559,0.1424336799471489,0.617862600008617
communities_crime,regression,42,MCAR,0.05,simple_median,random_forest,,,,0.13256489884600267,0.19159098780904296,,8235.0,0.0,0.10073545823558065,0.14645557239919685,0.5959771242232716
communities_crime,regression,42,MCAR,0.05,simple_median,lightgbm,,,,0.13256489884600267,0.19159098780904296,,8235.0,0.0,0.09530086115266305,0.14106929598465445,0.6251485868476713
communities_crime,regression,42,MCAR,0.05,simple_freq,ridge_regression,,,,0.1584231228225613,0.2254776289909265,,8235.0,0.0,0.0993459034437365,0.14102024445997138,0.625409222395866
communities_crime,regression,42,MCAR,0.05,simple_freq,random_forest,,,,0.1584231228225613,0.2254776289909265,,8235.0,0.0,0.10013829894775364,0.14681250654845904,0.5940053960162155
communities_crime,regression,42,MCAR,0.05,simple_freq,lightgbm,,,,0.1584231228225613,0.2254776289909265,,8235.0,0.0,0.09315595230066867,0.13782493496878337,0.6421922467531975
communities_crime,regression,42,MCAR,0.05,simple_const,ridge_regression,,,,0.36019072887911324,0.41481123632201294,,8235.0,0.0,0.10147317691447344,0.1440258101552419,0.6092717536610106
communities_crime,regression,42,MCAR,0.05,simple_const,random_forest,,,,0.36019072887911324,0.41481123632201294,,8235.0,0.0,0.10332365948282836,0.14797654465365975,0.5875418223763549
communities_crime,regression,42,MCAR,0.05,simple_const,lightgbm,,,,0.36019072887911324,0.41481123632201294,,8235.0,0.0,0.0966827106378891,0.14135785506931303,0.6236134915147475
communities_crime,regression,42,MCAR,0.05,knn_3,ridge_regression,,,,0.07309747188919737,0.10460500585176902,,8235.0,0.0,0.09978254256045561,0.1405508778337585,0.6278986211776515
communities_crime,regression,42,MCAR,0.05,knn_3,random_forest,,,,0.07309747188919737,0.10460500585176902,,8235.0,0.0,0.0995180157342628,0.1444095471162967,0.6071868966097662
communities_crime,regression,42,MCAR,0.05,knn_3,lightgbm,,,,0.07309747188919737,0.10460500585176902,,8235.0,0.0,0.09427862419477069,0.1368787628274325,0.647088104795347
communities_crime,regression,42,MCAR,0.05,knn_5,ridge_regression,,,,0.07246575284052272,0.10309238831210545,,8235.0,0.0,0.10183862847190522,0.14364308652405633,0.6113455797832472
communities_crime,regression,42,MCAR,0.05,knn_5,random_forest,,,,0.07246575284052272,0.10309238831210545,,8235.0,0.0,0.09576693355127198,0.14152615767899954,0.622716696039137
communities_crime,regression,42,MCAR,0.05,knn_5,lightgbm,,,,0.07246575284052272,0.10309238831210545,,8235.0,0.0,0.09405589271750217,0.13941809722570248,0.6338724100236603
communities_crime,regression,42,MCAR,0.05,knn_7,ridge_regression,,,,0.07194647705301736,0.10214105568243223,,8235.0,0.0,0.10167751896649219,0.1430199180897598,0.6147104727135974
communities_crime,regression,42,MCAR,0.05,knn_7,random_forest,,,,0.07194647705301736,0.10214105568243223,,8235.0,0.0,0.09790212345370813,0.14406729262638504,0.6090466452951869
communities_crime,regression,42,MCAR,0.05,knn_7,lightgbm,,,,0.07194647705301736,0.10214105568243223,,8235.0,0.0,0.09260505994799953,0.13721290627076646,0.6453629704016591
communities_crime,regression,42,MCAR,0.05,iterative,ridge_regression,,,,0.05162461234904546,0.07267977650725826,,8235.0,0.0,0.0987472365792206,0.13982720394934547,0.6317205369777357
communities_crime,regression,42,MCAR,0.05,iterative,random_forest,,,,0.05162461234904546,0.07267977650725826,,8235.0,0.0,0.09829901261417681,0.1436270793419947,0.6114321960705189
communities_crime,regression,42,MCAR,0.05,iterative,lightgbm,,,,0.05162461234904546,0.07267977650725826,,8235.0,0.0,0.09184698898342103,0.13628249896416714,0.6501560793565572
communities_crime,regression,42,MCAR,0.05,miceforest,ridge_regression,,,,0.14248595719028473,0.18587068061503437,,8235.0,0.0,0.10002625656226469,0.14288081019504162,0.6154596096215545
communities_crime,regression,42,MCAR,0.05,miceforest,random_forest,,,,0.14248595719028473,0.18587068061503437,,8235.0,0.0,0.09749919816961788,0.14190508293445825,0.6206936981747457
communities_crime,regression,42,MCAR,0.05,miceforest,lightgbm,,,,0.14248595719028473,0.18587068061503437,,8235.0,0.0,0.09248038672110755,0.13738505093994827,0.6444725706401373
communities_crime,regression,42,NONE,0.0,baseline_dropna,ridge_regression,,,,,,,,,0.09676535879320047,0.14163473423392842,0.6266372158033289
communities_crime,regression,42,NONE,0.0,baseline_dropna,random_forest,,,,,,,,,0.10112776473561016,0.1519641420286434,0.5701927594083568
communities_crime,regression,42,NONE,0.0,baseline_dropna,lightgbm,,,,,,,,,0.09064920867722973,0.13864456526780042,0.6422355505305759
communities_crime,regression,42,MCAR,0.05,simple_mean,ridge_regression,,,,0.14861185526497084,0.1929155587729398,,8222.0,0.0,0.10143595319851607,0.14588227292983372,0.6039075858300695
communities_crime,regression,42,MCAR,0.05,simple_mean,random_forest,,,,0.14861185526497084,0.1929155587729398,,8222.0,0.0,0.09667871476465599,0.14270915371457377,0.6209511843991425
communities_crime,regression,42,MCAR,0.05,simple_mean,lightgbm,,,,0.14861185526497084,0.1929155587729398,,8222.0,0.0,0.09025498260053345,0.13734324100382805,0.6489200193913617
communities_crime,regression,42,MCAR,0.05,simple_median,ridge_regression,,,,0.13878419197043457,0.19908226828649994,,8222.0,0.0,0.10138229713598085,0.14589346649227652,0.6038467990712586
communities_crime,regression,42,MCAR,0.05,simple_median,random_forest,,,,0.13878419197043457,0.19908226828649994,,8222.0,0.0,0.09681749191361685,0.14212370174798697,0.624054835082605
communities_crime,regression,42,MCAR,0.05,simple_median,lightgbm,,,,0.13878419197043457,0.19908226828649994,,8222.0,0.0,0.09302612867607335,0.13868889355885491,0.6420067406685142
communities_crime,regression,42,MCAR,0.05,simple_freq,ridge_regression,,,,0.16577580478466558,0.23637097436537927,,8222.0,0.0,0.10139567759514946,0.14561232382562161,0.6053721347474258
communities_crime,regression,42,MCAR,0.05,simple_freq,random_forest,,,,0.16577580478466558,0.23637097436537927,,8222.0,0.0,0.09758767415048049,0.1426474324396983,0.621278988416132
communities_crime,regression,42,MCAR,0.05,simple_freq,lightgbm,,,,0.16577580478466558,0.23637097436537927,,8222.0,0.0,0.09064301525976509,0.13780939251537913,0.646532800441938
communities_crime,regression,42,MCAR,0.05,simple_const,ridge_regression,,,,0.35845787366028015,0.41508141197681164,,8222.0,0.0,0.10193014329670645,0.14865970360767658,0.5886817231893036
communities_crime,regression,42,MCAR,0.05,simple_const,random_forest,,,,0.35845787366028015,0.41508141197681164,,8222.0,0.0,0.09698386474363486,0.14645085817290118,0.6008139790944328
communities_crime,regression,42,MCAR,0.05,simple_const,lightgbm,,,,0.35845787366028015,0.41508141197681164,,8222.0,0.0,0.0914154556785516,0.14009361292940906,0.6347180994590782
communities_crime,regression,42,MCAR,0.05,knn_3,ridge_regression,,,,0.0762726462825959,0.10768060826195748,,8222.0,0.0,0.09960281856978964,0.14225795841597114,0.6233442289809153
communities_crime,regression,42,MCAR,0.05,knn_3,random_forest,,,,0.0762726462825959,0.10768060826195748,,8222.0,0.0,0.0964753807060958,0.1464445807523056,0.6008481995131484
communities_crime,regression,42,MCAR,0.05,knn_3,lightgbm,,,,0.0762726462825959,0.10768060826195748,,8222.0,0.0,0.0917622094625518,0.14022706325028747,0.6340218478097472
communities_crime,regression,42,MCAR,0.05,knn_5,ridge_regression,,,,0.07394226309870856,0.10377526409254968,,8222.0,0.0,0.09836713587791532,0.1414903411401802,0.6273980959267742
communities_crime,regression,42,MCAR,0.05,knn_5,random_forest,,,,0.07394226309870856,0.10377526409254968,,8222.0,0.0,0.09889206410091704,0.14679491461104696,0.5989361635410988
communities_crime,regression,42,MCAR,0.05,knn_5,lightgbm,,,,0.07394226309870856,0.10377526409254968,,8222.0,0.0,0.09176073931409773,0.14038203496820117,0.6332124804652022
communities_crime,regression,42,MCAR,0.05,knn_7,ridge_regression,,,,0.07366493097376808,0.10309750958498123,,8222.0,0.0,0.09781322237241026,0.14167672549583463,0.62641579697395
communities_crime,regression,42,MCAR,0.05,knn_7,random_forest,,,,0.07366493097376808,0.10309750958498123,,8222.0,0.0,0.09995263919941226,0.1490517559572011,0.5865093667015273
communities_crime,regression,42,MCAR,0.05,knn_7,lightgbm,,,,0.07366493097376808,0.10309750958498123,,8222.0,0.0,0.09119961399022015,0.13809386677230806,0.6450719986763617
communities_crime,regression,42,MCAR,0.05,iterative,ridge_regression,,,,0.05193104220683125,0.07126538026731273,,8222.0,0.0,0.09665944536567456,0.1417097424356529,0.6262416534177723
communities_crime,regression,42,MCAR,0.05,iterative,random_forest,,,,0.05193104220683125,0.07126538026731273,,8222.0,0.0,0.09671078315327064,0.14623709002208343,0.6019784786392459
communities_crime,regression,42,MCAR,0.05,iterative,lightgbm,,,,0.05193104220683125,0.07126538026731273,,8222.0,0.0,0.092279358705906,0.13872114010845604,0.6418402473156484
communities_crime,regression,42,MCAR,0.05,miceforest,ridge_regression,,,,0.14861185526497084,0.1929155587729398,,8222.0,0.0,0.10143595319851607,0.14588227292983372,0.6039075858300695
communities_crime,regression,42,MCAR,0.05,miceforest,random_forest,,,,0.14861185526497084,0.1929155587729398,,8222.0,0.0,0.09667871476465599,0.14270915371457377,0.6209511843991425
communities_crime,regression,42,MCAR,0.05,miceforest,lightgbm,,,,0.14861185526497084,0.1929155587729398,,8222.0,0.0,0.09025498260053345,0.13734324100382805,0.6489200193913617
