schedule          , chunk, threads, rep, tempo
unspecified       ,     0,       1,   1, 0.056090
unspecified       ,     0,       1,   2, 0.070030
unspecified       ,     0,       1,   3, 0.056314
unspecified       ,     0,       1,   4, 0.060791
unspecified       ,     0,       1,   5, 0.054526
unspecified       ,     0,       1,   6, 0.060027
unspecified       ,     0,       1,   7, 0.059429
unspecified       ,     0,       1,   8, 0.063875
unspecified       ,     0,       1,   9, 0.055695
unspecified       ,     0,       1,  10, 0.053858
static            ,    32,       1,   1, 0.055157
static            ,    32,       1,   2, 0.054632
static            ,    32,       1,   3, 0.056172
static            ,    32,       1,   4, 0.054599
static            ,    32,       1,   5, 0.054007
static            ,    32,       1,   6, 0.054395
static            ,    32,       1,   7, 0.055576
static            ,    32,       1,   8, 0.054435
static            ,    32,       1,   9, 0.054543
static            ,    32,       1,  10, 0.054791
static            ,    64,       1,   1, 0.063911
static            ,    64,       1,   2, 0.055803
static            ,    64,       1,   3, 0.057741
static            ,    64,       1,   4, 0.061714
static            ,    64,       1,   5, 0.058977
static            ,    64,       1,   6, 0.061921
static            ,    64,       1,   7, 0.058822
static            ,    64,       1,   8, 0.058307
static            ,    64,       1,   9, 0.067363
static            ,    64,       1,  10, 0.058509
static            ,   128,       1,   1, 0.059218
static            ,   128,       1,   2, 0.077442
static            ,   128,       1,   3, 0.060917
static            ,   128,       1,   4, 0.059568
static            ,   128,       1,   5, 0.061062
static            ,   128,       1,   6, 0.062239
static            ,   128,       1,   7, 0.056389
static            ,   128,       1,   8, 0.057122
static            ,   128,       1,   9, 0.076387
static            ,   128,       1,  10, 0.058560
static            ,   256,       1,   1, 0.062703
static            ,   256,       1,   2, 0.057859
static            ,   256,       1,   3, 0.062724
static            ,   256,       1,   4, 0.057135
static            ,   256,       1,   5, 0.057781
static            ,   256,       1,   6, 0.065272
static            ,   256,       1,   7, 0.109533
static            ,   256,       1,   8, 0.058243
static            ,   256,       1,   9, 0.057698
static            ,   256,       1,  10, 0.062393
static            ,   512,       1,   1, 0.085282
static            ,   512,       1,   2, 0.058846
static            ,   512,       1,   3, 0.059467
static            ,   512,       1,   4, 0.056737
static            ,   512,       1,   5, 0.057104
static            ,   512,       1,   6, 0.131863
static            ,   512,       1,   7, 0.062214
static            ,   512,       1,   8, 0.058987
static            ,   512,       1,   9, 0.060526
static            ,   512,       1,  10, 0.057372
dynamic           ,    32,       1,   1, 0.134707
dynamic           ,    32,       1,   2, 0.070441
dynamic           ,    32,       1,   3, 0.088866
dynamic           ,    32,       1,   4, 0.073356
dynamic           ,    32,       1,   5, 0.075085
dynamic           ,    32,       1,   6, 0.085563
dynamic           ,    32,       1,   7, 0.120740
dynamic           ,    32,       1,   8, 0.071898
dynamic           ,    32,       1,   9, 0.099639
dynamic           ,    32,       1,  10, 0.069502
dynamic           ,    64,       1,   1, 0.089419
dynamic           ,    64,       1,   2, 0.062942
dynamic           ,    64,       1,   3, 0.061410
dynamic           ,    64,       1,   4, 0.063049
dynamic           ,    64,       1,   5, 0.062022
dynamic           ,    64,       1,   6, 0.063389
dynamic           ,    64,       1,   7, 0.064462
dynamic           ,    64,       1,   8, 0.064977
dynamic           ,    64,       1,   9, 0.068774
dynamic           ,    64,       1,  10, 0.062607
dynamic           ,   128,       1,   1, 0.058570
dynamic           ,   128,       1,   2, 0.092533
dynamic           ,   128,       1,   3, 0.057106
dynamic           ,   128,       1,   4, 0.057222
dynamic           ,   128,       1,   5, 0.057144
dynamic           ,   128,       1,   6, 0.056885
dynamic           ,   128,       1,   7, 0.057920
dynamic           ,   128,       1,   8, 0.057364
dynamic           ,   128,       1,   9, 0.058738
dynamic           ,   128,       1,  10, 0.059237
dynamic           ,   256,       1,   1, 0.057387
dynamic           ,   256,       1,   2, 0.058228
dynamic           ,   256,       1,   3, 0.058142
dynamic           ,   256,       1,   4, 0.058939
dynamic           ,   256,       1,   5, 0.058561
dynamic           ,   256,       1,   6, 0.057668
dynamic           ,   256,       1,   7, 0.057856
dynamic           ,   256,       1,   8, 0.057151
dynamic           ,   256,       1,   9, 0.056042
dynamic           ,   256,       1,  10, 0.056282
dynamic           ,   512,       1,   1, 0.057723
dynamic           ,   512,       1,   2, 0.086291
dynamic           ,   512,       1,   3, 0.061581
dynamic           ,   512,       1,   4, 0.058099
dynamic           ,   512,       1,   5, 0.060003
dynamic           ,   512,       1,   6, 0.063423
dynamic           ,   512,       1,   7, 0.058414
dynamic           ,   512,       1,   8, 0.058351
dynamic           ,   512,       1,   9, 0.058454
dynamic           ,   512,       1,  10, 0.057577
guided            ,    32,       1,   1, 0.057288
guided            ,    32,       1,   2, 0.057274
guided            ,    32,       1,   3, 0.056631
guided            ,    32,       1,   4, 0.059002
guided            ,    32,       1,   5, 0.058875
guided            ,    32,       1,   6, 0.090449
guided            ,    32,       1,   7, 0.058281
guided            ,    32,       1,   8, 0.058288
guided            ,    32,       1,   9, 0.057872
guided            ,    32,       1,  10, 0.058125
guided            ,    64,       1,   1, 0.056257
guided            ,    64,       1,   2, 0.056496
guided            ,    64,       1,   3, 0.055750
guided            ,    64,       1,   4, 0.056770
guided            ,    64,       1,   5, 0.056601
guided            ,    64,       1,   6, 0.055094
guided            ,    64,       1,   7, 0.055642
guided            ,    64,       1,   8, 0.057186
guided            ,    64,       1,   9, 0.055148
guided            ,    64,       1,  10, 0.055537
guided            ,   128,       1,   1, 0.054825
guided            ,   128,       1,   2, 0.055556
guided            ,   128,       1,   3, 0.059477
guided            ,   128,       1,   4, 0.060182
guided            ,   128,       1,   5, 0.060120
guided            ,   128,       1,   6, 0.057156
guided            ,   128,       1,   7, 0.056228
guided            ,   128,       1,   8, 0.055274
guided            ,   128,       1,   9, 0.056982
guided            ,   128,       1,  10, 0.055987
guided            ,   256,       1,   1, 0.058374
guided            ,   256,       1,   2, 0.056134
guided            ,   256,       1,   3, 0.056656
guided            ,   256,       1,   4, 0.055862
guided            ,   256,       1,   5, 0.061075
guided            ,   256,       1,   6, 0.057834
guided            ,   256,       1,   7, 0.057146
guided            ,   256,       1,   8, 0.057941
guided            ,   256,       1,   9, 0.055624
guided            ,   256,       1,  10, 0.055174
guided            ,   512,       1,   1, 0.056170
guided            ,   512,       1,   2, 0.054196
guided            ,   512,       1,   3, 0.055213
guided            ,   512,       1,   4, 0.054202
guided            ,   512,       1,   5, 0.054999
guided            ,   512,       1,   6, 0.066240
guided            ,   512,       1,   7, 0.059168
guided            ,   512,       1,   8, 0.061739
guided            ,   512,       1,   9, 0.058486
guided            ,   512,       1,  10, 0.082317
runtime:static    ,     0,       1,   1, 0.073720
runtime:static    ,     0,       1,   2, 0.056808
runtime:static    ,     0,       1,   3, 0.059078
runtime:static    ,     0,       1,   4, 0.076125
runtime:static    ,     0,       1,   5, 0.073548
runtime:static    ,     0,       1,   6, 0.059212
runtime:static    ,     0,       1,   7, 0.060506
runtime:static    ,     0,       1,   8, 0.070480
runtime:static    ,     0,       1,   9, 0.058233
runtime:static    ,     0,       1,  10, 0.062362
runtime:dynamic   ,     0,       1,   1, 0.269815
runtime:dynamic   ,     0,       1,   2, 0.250075
runtime:dynamic   ,     0,       1,   3, 0.255079
runtime:dynamic   ,     0,       1,   4, 0.262137
runtime:dynamic   ,     0,       1,   5, 0.259928
runtime:dynamic   ,     0,       1,   6, 0.255924
runtime:dynamic   ,     0,       1,   7, 0.261060
runtime:dynamic   ,     0,       1,   8, 0.257716
runtime:dynamic   ,     0,       1,   9, 0.256558
runtime:dynamic   ,     0,       1,  10, 0.253718
runtime:guided    ,     0,       1,   1, 0.059437
runtime:guided    ,     0,       1,   2, 0.065915
runtime:guided    ,     0,       1,   3, 0.058534
runtime:guided    ,     0,       1,   4, 0.080081
runtime:guided    ,     0,       1,   5, 0.084526
runtime:guided    ,     0,       1,   6, 0.092593
runtime:guided    ,     0,       1,   7, 0.084438
runtime:guided    ,     0,       1,   8, 0.077849
runtime:guided    ,     0,       1,   9, 0.096603
runtime:guided    ,     0,       1,  10, 0.063843
runtime:dynamic-64,     0,       1,   1, 0.079148
runtime:dynamic-64,     0,       1,   2, 0.077017
runtime:dynamic-64,     0,       1,   3, 0.075803
runtime:dynamic-64,     0,       1,   4, 0.077795
runtime:dynamic-64,     0,       1,   5, 0.072570
runtime:dynamic-64,     0,       1,   6, 0.078313
runtime:dynamic-64,     0,       1,   7, 0.068774
runtime:dynamic-64,     0,       1,   8, 0.068271
runtime:dynamic-64,     0,       1,   9, 0.083678
runtime:dynamic-64,     0,       1,  10, 0.090441
runtime:guided-64 ,     0,       1,   1, 0.069739
runtime:guided-64 ,     0,       1,   2, 0.078230
runtime:guided-64 ,     0,       1,   3, 0.076507
runtime:guided-64 ,     0,       1,   4, 0.065682
runtime:guided-64 ,     0,       1,   5, 0.086500
runtime:guided-64 ,     0,       1,   6, 0.081961
runtime:guided-64 ,     0,       1,   7, 0.063868
runtime:guided-64 ,     0,       1,   8, 0.063641
runtime:guided-64 ,     0,       1,   9, 0.070048
runtime:guided-64 ,     0,       1,  10, 0.089762
unspecified       ,     0,       2,   1, 0.039074
unspecified       ,     0,       2,   2, 0.039329
unspecified       ,     0,       2,   3, 0.042264
unspecified       ,     0,       2,   4, 0.038224
unspecified       ,     0,       2,   5, 0.057027
unspecified       ,     0,       2,   6, 0.053790
unspecified       ,     0,       2,   7, 0.042797
unspecified       ,     0,       2,   8, 0.042778
unspecified       ,     0,       2,   9, 0.036795
unspecified       ,     0,       2,  10, 0.041792
static            ,    32,       2,   1, 0.062441
static            ,    32,       2,   2, 0.052996
static            ,    32,       2,   3, 0.057416
static            ,    32,       2,   4, 0.062697
static            ,    32,       2,   5, 0.074791
static            ,    32,       2,   6, 0.060996
static            ,    32,       2,   7, 0.082362
static            ,    32,       2,   8, 0.087685
static            ,    32,       2,   9, 0.076399
static            ,    32,       2,  10, 0.071219
static            ,    64,       2,   1, 0.064604
static            ,    64,       2,   2, 0.110042
static            ,    64,       2,   3, 0.119373
static            ,    64,       2,   4, 0.079216
static            ,    64,       2,   5, 0.081568
static            ,    64,       2,   6, 0.074904
static            ,    64,       2,   7, 0.087388
static            ,    64,       2,   8, 0.073501
static            ,    64,       2,   9, 0.064646
static            ,    64,       2,  10, 0.064440
static            ,   128,       2,   1, 0.070240
static            ,   128,       2,   2, 0.074971
static            ,   128,       2,   3, 0.069983
static            ,   128,       2,   4, 0.082136
static            ,   128,       2,   5, 0.070774
static            ,   128,       2,   6, 0.059856
static            ,   128,       2,   7, 0.060394
static            ,   128,       2,   8, 0.061831
static            ,   128,       2,   9, 0.061331
static            ,   128,       2,  10, 0.061049
static            ,   256,       2,   1, 0.065975
static            ,   256,       2,   2, 0.063491
static            ,   256,       2,   3, 0.063386
static            ,   256,       2,   4, 0.061388
static            ,   256,       2,   5, 0.062299
static            ,   256,       2,   6, 0.061163
static            ,   256,       2,   7, 0.062679
static            ,   256,       2,   8, 0.065436
static            ,   256,       2,   9, 0.062759
static            ,   256,       2,  10, 0.062038
static            ,   512,       2,   1, 0.055574
static            ,   512,       2,   2, 0.055061
static            ,   512,       2,   3, 0.057441
static            ,   512,       2,   4, 0.056499
static            ,   512,       2,   5, 0.056340
static            ,   512,       2,   6, 0.059447
static            ,   512,       2,   7, 0.056473
static            ,   512,       2,   8, 0.056918
static            ,   512,       2,   9, 0.059358
static            ,   512,       2,  10, 0.061738
dynamic           ,    32,       2,   1, 0.065762
dynamic           ,    32,       2,   2, 0.069068
dynamic           ,    32,       2,   3, 0.066640
dynamic           ,    32,       2,   4, 0.064986
dynamic           ,    32,       2,   5, 0.071204
dynamic           ,    32,       2,   6, 0.074961
dynamic           ,    32,       2,   7, 0.069257
dynamic           ,    32,       2,   8, 0.065115
dynamic           ,    32,       2,   9, 0.069814
dynamic           ,    32,       2,  10, 0.069059
dynamic           ,    64,       2,   1, 0.059676
dynamic           ,    64,       2,   2, 0.061102
dynamic           ,    64,       2,   3, 0.058896
dynamic           ,    64,       2,   4, 0.065406
dynamic           ,    64,       2,   5, 0.060844
dynamic           ,    64,       2,   6, 0.058377
dynamic           ,    64,       2,   7, 0.059184
dynamic           ,    64,       2,   8, 0.062095
dynamic           ,    64,       2,   9, 0.057877
dynamic           ,    64,       2,  10, 0.067515
dynamic           ,   128,       2,   1, 0.058032
dynamic           ,   128,       2,   2, 0.058293
dynamic           ,   128,       2,   3, 0.057629
dynamic           ,   128,       2,   4, 0.059923
dynamic           ,   128,       2,   5, 0.059851
dynamic           ,   128,       2,   6, 0.065907
dynamic           ,   128,       2,   7, 0.058388
dynamic           ,   128,       2,   8, 0.057914
dynamic           ,   128,       2,   9, 0.067806
dynamic           ,   128,       2,  10, 0.062710
dynamic           ,   256,       2,   1, 0.060509
dynamic           ,   256,       2,   2, 0.058959
dynamic           ,   256,       2,   3, 0.062749
dynamic           ,   256,       2,   4, 0.066581
dynamic           ,   256,       2,   5, 0.065828
dynamic           ,   256,       2,   6, 0.060591
dynamic           ,   256,       2,   7, 0.063441
dynamic           ,   256,       2,   8, 0.062321
dynamic           ,   256,       2,   9, 0.058777
dynamic           ,   256,       2,  10, 0.060680
dynamic           ,   512,       2,   1, 0.059161
dynamic           ,   512,       2,   2, 0.059298
dynamic           ,   512,       2,   3, 0.058381
dynamic           ,   512,       2,   4, 0.058168
dynamic           ,   512,       2,   5, 0.058660
dynamic           ,   512,       2,   6, 0.058519
dynamic           ,   512,       2,   7, 0.058825
dynamic           ,   512,       2,   8, 0.058847
dynamic           ,   512,       2,   9, 0.061493
dynamic           ,   512,       2,  10, 0.057451
guided            ,    32,       2,   1, 0.037536
guided            ,    32,       2,   2, 0.036909
guided            ,    32,       2,   3, 0.038229
guided            ,    32,       2,   4, 0.037663
guided            ,    32,       2,   5, 0.038694
guided            ,    32,       2,   6, 0.037569
guided            ,    32,       2,   7, 0.038147
guided            ,    32,       2,   8, 0.036782
guided            ,    32,       2,   9, 0.038376
guided            ,    32,       2,  10, 0.036178
guided            ,    64,       2,   1, 0.038105
guided            ,    64,       2,   2, 0.040162
guided            ,    64,       2,   3, 0.036825
guided            ,    64,       2,   4, 0.038456
guided            ,    64,       2,   5, 0.036885
guided            ,    64,       2,   6, 0.037356
guided            ,    64,       2,   7, 0.040503
guided            ,    64,       2,   8, 0.037504
guided            ,    64,       2,   9, 0.036848
guided            ,    64,       2,  10, 0.038362
guided            ,   128,       2,   1, 0.045401
guided            ,   128,       2,   2, 0.037680
guided            ,   128,       2,   3, 0.038908
guided            ,   128,       2,   4, 0.039825
guided            ,   128,       2,   5, 0.051506
guided            ,   128,       2,   6, 0.037523
guided            ,   128,       2,   7, 0.037433
guided            ,   128,       2,   8, 0.039655
guided            ,   128,       2,   9, 0.045758
guided            ,   128,       2,  10, 0.037131
guided            ,   256,       2,   1, 0.037352
guided            ,   256,       2,   2, 0.038984
guided            ,   256,       2,   3, 0.039480
guided            ,   256,       2,   4, 0.037139
guided            ,   256,       2,   5, 0.037467
guided            ,   256,       2,   6, 0.037916
guided            ,   256,       2,   7, 0.037039
guided            ,   256,       2,   8, 0.038226
guided            ,   256,       2,   9, 0.038612
guided            ,   256,       2,  10, 0.038014
guided            ,   512,       2,   1, 0.036287
guided            ,   512,       2,   2, 0.037016
guided            ,   512,       2,   3, 0.038812
guided            ,   512,       2,   4, 0.037457
guided            ,   512,       2,   5, 0.038428
guided            ,   512,       2,   6, 0.042436
guided            ,   512,       2,   7, 0.036591
guided            ,   512,       2,   8, 0.038396
guided            ,   512,       2,   9, 0.038719
guided            ,   512,       2,  10, 0.038674
runtime:static    ,     0,       2,   1, 0.040109
runtime:static    ,     0,       2,   2, 0.040113
runtime:static    ,     0,       2,   3, 0.040071
runtime:static    ,     0,       2,   4, 0.039748
runtime:static    ,     0,       2,   5, 0.038149
runtime:static    ,     0,       2,   6, 0.039408
runtime:static    ,     0,       2,   7, 0.040532
runtime:static    ,     0,       2,   8, 0.039878
runtime:static    ,     0,       2,   9, 0.046598
runtime:static    ,     0,       2,  10, 0.040453
runtime:dynamic   ,     0,       2,   1, 0.718555
runtime:dynamic   ,     0,       2,   2, 0.671752
runtime:dynamic   ,     0,       2,   3, 0.671451
runtime:dynamic   ,     0,       2,   4, 0.645290
runtime:dynamic   ,     0,       2,   5, 0.658194
runtime:dynamic   ,     0,       2,   6, 0.685518
runtime:dynamic   ,     0,       2,   7, 0.720844
runtime:dynamic   ,     0,       2,   8, 0.741334
runtime:dynamic   ,     0,       2,   9, 0.696491
runtime:dynamic   ,     0,       2,  10, 0.675319
runtime:guided    ,     0,       2,   1, 0.037595
runtime:guided    ,     0,       2,   2, 0.036815
runtime:guided    ,     0,       2,   3, 0.038027
runtime:guided    ,     0,       2,   4, 0.037135
runtime:guided    ,     0,       2,   5, 0.036210
runtime:guided    ,     0,       2,   6, 0.038189
runtime:guided    ,     0,       2,   7, 0.037237
runtime:guided    ,     0,       2,   8, 0.038338
runtime:guided    ,     0,       2,   9, 0.043483
runtime:guided    ,     0,       2,  10, 0.037818
runtime:dynamic-64,     0,       2,   1, 0.071046
runtime:dynamic-64,     0,       2,   2, 0.069764
runtime:dynamic-64,     0,       2,   3, 0.070560
runtime:dynamic-64,     0,       2,   4, 0.066355
runtime:dynamic-64,     0,       2,   5, 0.059287
runtime:dynamic-64,     0,       2,   6, 0.072895
runtime:dynamic-64,     0,       2,   7, 0.080373
runtime:dynamic-64,     0,       2,   8, 0.060100
runtime:dynamic-64,     0,       2,   9, 0.059357
runtime:dynamic-64,     0,       2,  10, 0.064094
runtime:guided-64 ,     0,       2,   1, 0.049635
runtime:guided-64 ,     0,       2,   2, 0.065299
runtime:guided-64 ,     0,       2,   3, 0.039646
runtime:guided-64 ,     0,       2,   4, 0.040360
runtime:guided-64 ,     0,       2,   5, 0.038429
runtime:guided-64 ,     0,       2,   6, 0.085559
runtime:guided-64 ,     0,       2,   7, 0.047596
runtime:guided-64 ,     0,       2,   8, 0.054572
runtime:guided-64 ,     0,       2,   9, 0.063087
runtime:guided-64 ,     0,       2,  10, 0.049092
unspecified       ,     0,       4,   1, 0.039133
unspecified       ,     0,       4,   2, 0.027867
unspecified       ,     0,       4,   3, 0.044605
unspecified       ,     0,       4,   4, 0.026902
unspecified       ,     0,       4,   5, 0.034476
unspecified       ,     0,       4,   6, 0.027338
unspecified       ,     0,       4,   7, 0.029874
unspecified       ,     0,       4,   8, 0.027129
unspecified       ,     0,       4,   9, 0.026808
unspecified       ,     0,       4,  10, 0.030180
static            ,    32,       4,   1, 0.077137
static            ,    32,       4,   2, 0.065250
static            ,    32,       4,   3, 0.071153
static            ,    32,       4,   4, 0.059702
static            ,    32,       4,   5, 0.063470
static            ,    32,       4,   6, 0.064492
static            ,    32,       4,   7, 0.063500
static            ,    32,       4,   8, 0.072301
static            ,    32,       4,   9, 0.061595
static            ,    32,       4,  10, 0.061351
static            ,    64,       4,   1, 0.062177
static            ,    64,       4,   2, 0.061335
static            ,    64,       4,   3, 0.062175
static            ,    64,       4,   4, 0.067935
static            ,    64,       4,   5, 0.065212
static            ,    64,       4,   6, 0.061474
static            ,    64,       4,   7, 0.060527
static            ,    64,       4,   8, 0.063404
static            ,    64,       4,   9, 0.071263
static            ,    64,       4,  10, 0.064284
static            ,   128,       4,   1, 0.061759
static            ,   128,       4,   2, 0.061326
static            ,   128,       4,   3, 0.058224
static            ,   128,       4,   4, 0.065452
static            ,   128,       4,   5, 0.059352
static            ,   128,       4,   6, 0.060136
static            ,   128,       4,   7, 0.060303
static            ,   128,       4,   8, 0.059985
static            ,   128,       4,   9, 0.063996
static            ,   128,       4,  10, 0.065481
static            ,   256,       4,   1, 0.060855
static            ,   256,       4,   2, 0.055335
static            ,   256,       4,   3, 0.059561
static            ,   256,       4,   4, 0.054747
static            ,   256,       4,   5, 0.055340
static            ,   256,       4,   6, 0.060821
static            ,   256,       4,   7, 0.061244
static            ,   256,       4,   8, 0.057333
static            ,   256,       4,   9, 0.064243
static            ,   256,       4,  10, 0.061785
static            ,   512,       4,   1, 0.044509
static            ,   512,       4,   2, 0.042724
static            ,   512,       4,   3, 0.043219
static            ,   512,       4,   4, 0.041429
static            ,   512,       4,   5, 0.041729
static            ,   512,       4,   6, 0.042089
static            ,   512,       4,   7, 0.042359
static            ,   512,       4,   8, 0.040630
static            ,   512,       4,   9, 0.039226
static            ,   512,       4,  10, 0.038891
dynamic           ,    32,       4,   1, 0.070361
dynamic           ,    32,       4,   2, 0.078709
dynamic           ,    32,       4,   3, 0.071799
dynamic           ,    32,       4,   4, 0.070487
dynamic           ,    32,       4,   5, 0.069552
dynamic           ,    32,       4,   6, 0.074629
dynamic           ,    32,       4,   7, 0.067306
dynamic           ,    32,       4,   8, 0.067826
dynamic           ,    32,       4,   9, 0.069606
dynamic           ,    32,       4,  10, 0.077516
dynamic           ,    64,       4,   1, 0.063732
dynamic           ,    64,       4,   2, 0.063758
dynamic           ,    64,       4,   3, 0.069587
dynamic           ,    64,       4,   4, 0.063767
dynamic           ,    64,       4,   5, 0.064293
dynamic           ,    64,       4,   6, 0.064738
dynamic           ,    64,       4,   7, 0.065116
dynamic           ,    64,       4,   8, 0.064668
dynamic           ,    64,       4,   9, 0.069560
dynamic           ,    64,       4,  10, 0.070858
dynamic           ,   128,       4,   1, 0.064901
dynamic           ,   128,       4,   2, 0.064835
dynamic           ,   128,       4,   3, 0.065456
dynamic           ,   128,       4,   4, 0.072205
dynamic           ,   128,       4,   5, 0.064793
dynamic           ,   128,       4,   6, 0.065634
dynamic           ,   128,       4,   7, 0.070146
dynamic           ,   128,       4,   8, 0.063952
dynamic           ,   128,       4,   9, 0.066587
dynamic           ,   128,       4,  10, 0.064436
dynamic           ,   256,       4,   1, 0.064759
dynamic           ,   256,       4,   2, 0.064629
dynamic           ,   256,       4,   3, 0.060083
dynamic           ,   256,       4,   4, 0.062574
dynamic           ,   256,       4,   5, 0.058289
dynamic           ,   256,       4,   6, 0.058465
dynamic           ,   256,       4,   7, 0.062147
dynamic           ,   256,       4,   8, 0.064644
dynamic           ,   256,       4,   9, 0.059763
dynamic           ,   256,       4,  10, 0.056518
dynamic           ,   512,       4,   1, 0.045029
dynamic           ,   512,       4,   2, 0.044868
dynamic           ,   512,       4,   3, 0.046063
dynamic           ,   512,       4,   4, 0.046610
dynamic           ,   512,       4,   5, 0.047627
dynamic           ,   512,       4,   6, 0.053294
dynamic           ,   512,       4,   7, 0.045968
dynamic           ,   512,       4,   8, 0.049890
dynamic           ,   512,       4,   9, 0.046949
dynamic           ,   512,       4,  10, 0.048362
guided            ,    32,       4,   1, 0.027314
guided            ,    32,       4,   2, 0.026790
guided            ,    32,       4,   3, 0.024565
guided            ,    32,       4,   4, 0.026066
guided            ,    32,       4,   5, 0.026349
guided            ,    32,       4,   6, 0.026359
guided            ,    32,       4,   7, 0.028872
guided            ,    32,       4,   8, 0.027227
guided            ,    32,       4,   9, 0.025841
guided            ,    32,       4,  10, 0.024036
guided            ,    64,       4,   1, 0.025547
guided            ,    64,       4,   2, 0.026506
guided            ,    64,       4,   3, 0.026246
guided            ,    64,       4,   4, 0.027457
guided            ,    64,       4,   5, 0.026206
guided            ,    64,       4,   6, 0.027547
guided            ,    64,       4,   7, 0.032325
guided            ,    64,       4,   8, 0.025193
guided            ,    64,       4,   9, 0.026530
guided            ,    64,       4,  10, 0.026893
guided            ,   128,       4,   1, 0.026446
guided            ,   128,       4,   2, 0.027383
guided            ,   128,       4,   3, 0.026335
guided            ,   128,       4,   4, 0.025797
guided            ,   128,       4,   5, 0.026776
guided            ,   128,       4,   6, 0.026013
guided            ,   128,       4,   7, 0.025756
guided            ,   128,       4,   8, 0.026122
guided            ,   128,       4,   9, 0.025279
guided            ,   128,       4,  10, 0.024760
guided            ,   256,       4,   1, 0.025677
guided            ,   256,       4,   2, 0.025932
guided            ,   256,       4,   3, 0.024407
guided            ,   256,       4,   4, 0.029420
guided            ,   256,       4,   5, 0.024546
guided            ,   256,       4,   6, 0.025905
guided            ,   256,       4,   7, 0.026859
guided            ,   256,       4,   8, 0.026200
guided            ,   256,       4,   9, 0.026738
guided            ,   256,       4,  10, 0.026918
guided            ,   512,       4,   1, 0.026322
guided            ,   512,       4,   2, 0.024120
guided            ,   512,       4,   3, 0.024935
guided            ,   512,       4,   4, 0.027408
guided            ,   512,       4,   5, 0.026334
guided            ,   512,       4,   6, 0.027605
guided            ,   512,       4,   7, 0.024815
guided            ,   512,       4,   8, 0.023923
guided            ,   512,       4,   9, 0.027298
guided            ,   512,       4,  10, 0.026488
runtime:static    ,     0,       4,   1, 0.027261
runtime:static    ,     0,       4,   2, 0.027391
runtime:static    ,     0,       4,   3, 0.028025
runtime:static    ,     0,       4,   4, 0.027637
runtime:static    ,     0,       4,   5, 0.027466
runtime:static    ,     0,       4,   6, 0.025910
runtime:static    ,     0,       4,   7, 0.026722
runtime:static    ,     0,       4,   8, 0.027351
runtime:static    ,     0,       4,   9, 0.027115
runtime:static    ,     0,       4,  10, 0.032822
runtime:dynamic   ,     0,       4,   1, 0.608025
runtime:dynamic   ,     0,       4,   2, 0.618637
runtime:dynamic   ,     0,       4,   3, 0.616694
runtime:dynamic   ,     0,       4,   4, 0.633269
runtime:dynamic   ,     0,       4,   5, 0.645502
runtime:dynamic   ,     0,       4,   6, 0.638861
runtime:dynamic   ,     0,       4,   7, 0.626458
runtime:dynamic   ,     0,       4,   8, 0.622821
runtime:dynamic   ,     0,       4,   9, 0.638969
runtime:dynamic   ,     0,       4,  10, 0.643311
runtime:guided    ,     0,       4,   1, 0.026269
runtime:guided    ,     0,       4,   2, 0.026014
runtime:guided    ,     0,       4,   3, 0.023147
runtime:guided    ,     0,       4,   4, 0.024913
runtime:guided    ,     0,       4,   5, 0.025547
runtime:guided    ,     0,       4,   6, 0.026458
runtime:guided    ,     0,       4,   7, 0.027055
runtime:guided    ,     0,       4,   8, 0.025641
runtime:guided    ,     0,       4,   9, 0.027209
runtime:guided    ,     0,       4,  10, 0.027468
runtime:dynamic-64,     0,       4,   1, 0.065991
runtime:dynamic-64,     0,       4,   2, 0.063631
runtime:dynamic-64,     0,       4,   3, 0.062472
runtime:dynamic-64,     0,       4,   4, 0.065102
runtime:dynamic-64,     0,       4,   5, 0.065535
runtime:dynamic-64,     0,       4,   6, 0.064253
runtime:dynamic-64,     0,       4,   7, 0.065543
runtime:dynamic-64,     0,       4,   8, 0.064021
runtime:dynamic-64,     0,       4,   9, 0.071379
runtime:dynamic-64,     0,       4,  10, 0.065184
runtime:guided-64 ,     0,       4,   1, 0.026915
runtime:guided-64 ,     0,       4,   2, 0.026101
runtime:guided-64 ,     0,       4,   3, 0.025404
runtime:guided-64 ,     0,       4,   4, 0.025974
runtime:guided-64 ,     0,       4,   5, 0.026438
runtime:guided-64 ,     0,       4,   6, 0.026616
runtime:guided-64 ,     0,       4,   7, 0.026476
runtime:guided-64 ,     0,       4,   8, 0.026141
runtime:guided-64 ,     0,       4,   9, 0.026590
runtime:guided-64 ,     0,       4,  10, 0.025119
unspecified       ,     0,       8,   1, 0.019858
unspecified       ,     0,       8,   2, 0.021210
unspecified       ,     0,       8,   3, 0.021696
unspecified       ,     0,       8,   4, 0.025275
unspecified       ,     0,       8,   5, 0.027983
unspecified       ,     0,       8,   6, 0.027682
unspecified       ,     0,       8,   7, 0.024689
unspecified       ,     0,       8,   8, 0.025359
unspecified       ,     0,       8,   9, 0.037605
unspecified       ,     0,       8,  10, 0.024564
static            ,    32,       8,   1, 0.091377
static            ,    32,       8,   2, 0.110487
static            ,    32,       8,   3, 0.093761
static            ,    32,       8,   4, 0.115885
static            ,    32,       8,   5, 0.084823
static            ,    32,       8,   6, 0.102204
static            ,    32,       8,   7, 0.092913
static            ,    32,       8,   8, 0.098749
static            ,    32,       8,   9, 0.089937
static            ,    32,       8,  10, 0.099046
static            ,    64,       8,   1, 0.087448
static            ,    64,       8,   2, 0.089293
static            ,    64,       8,   3, 0.081101
static            ,    64,       8,   4, 0.113155
static            ,    64,       8,   5, 0.094347
static            ,    64,       8,   6, 0.096732
static            ,    64,       8,   7, 0.092660
static            ,    64,       8,   8, 0.092693
static            ,    64,       8,   9, 0.084565
static            ,    64,       8,  10, 0.109490
static            ,   128,       8,   1, 0.102158
static            ,   128,       8,   2, 0.132998
static            ,   128,       8,   3, 0.112780
static            ,   128,       8,   4, 0.087377
static            ,   128,       8,   5, 0.103891
static            ,   128,       8,   6, 0.093422
static            ,   128,       8,   7, 0.092177
static            ,   128,       8,   8, 0.109540
static            ,   128,       8,   9, 0.095148
static            ,   128,       8,  10, 0.089965
static            ,   256,       8,   1, 0.053251
static            ,   256,       8,   2, 0.049698
static            ,   256,       8,   3, 0.048536
static            ,   256,       8,   4, 0.051983
static            ,   256,       8,   5, 0.049599
static            ,   256,       8,   6, 0.049898
static            ,   256,       8,   7, 0.049724
static            ,   256,       8,   8, 0.048670
static            ,   256,       8,   9, 0.053760
static            ,   256,       8,  10, 0.049365
static            ,   512,       8,   1, 0.032642
static            ,   512,       8,   2, 0.034560
static            ,   512,       8,   3, 0.032076
static            ,   512,       8,   4, 0.032496
static            ,   512,       8,   5, 0.034441
static            ,   512,       8,   6, 0.037147
static            ,   512,       8,   7, 0.031003
static            ,   512,       8,   8, 0.032236
static            ,   512,       8,   9, 0.034704
static            ,   512,       8,  10, 0.031902
dynamic           ,    32,       8,   1, 0.105635
dynamic           ,    32,       8,   2, 0.101379
dynamic           ,    32,       8,   3, 0.097386
dynamic           ,    32,       8,   4, 0.101869
dynamic           ,    32,       8,   5, 0.101546
dynamic           ,    32,       8,   6, 0.097178
dynamic           ,    32,       8,   7, 0.119198
dynamic           ,    32,       8,   8, 0.115130
dynamic           ,    32,       8,   9, 0.093458
dynamic           ,    32,       8,  10, 0.100365
dynamic           ,    64,       8,   1, 0.094032
dynamic           ,    64,       8,   2, 0.102067
dynamic           ,    64,       8,   3, 0.111032
dynamic           ,    64,       8,   4, 0.095291
dynamic           ,    64,       8,   5, 0.086811
dynamic           ,    64,       8,   6, 0.098731
dynamic           ,    64,       8,   7, 0.097724
dynamic           ,    64,       8,   8, 0.099223
dynamic           ,    64,       8,   9, 0.095906
dynamic           ,    64,       8,  10, 0.091656
dynamic           ,   128,       8,   1, 0.104409
dynamic           ,   128,       8,   2, 0.092609
dynamic           ,   128,       8,   3, 0.085696
dynamic           ,   128,       8,   4, 0.090958
dynamic           ,   128,       8,   5, 0.088544
dynamic           ,   128,       8,   6, 0.125926
dynamic           ,   128,       8,   7, 0.091972
dynamic           ,   128,       8,   8, 0.091629
dynamic           ,   128,       8,   9, 0.094112
dynamic           ,   128,       8,  10, 0.097699
dynamic           ,   256,       8,   1, 0.063895
dynamic           ,   256,       8,   2, 0.077836
dynamic           ,   256,       8,   3, 0.068783
dynamic           ,   256,       8,   4, 0.063310
dynamic           ,   256,       8,   5, 0.068206
dynamic           ,   256,       8,   6, 0.074051
dynamic           ,   256,       8,   7, 0.062667
dynamic           ,   256,       8,   8, 0.069962
dynamic           ,   256,       8,   9, 0.065989
dynamic           ,   256,       8,  10, 0.065829
dynamic           ,   512,       8,   1, 0.037450
dynamic           ,   512,       8,   2, 0.042707
dynamic           ,   512,       8,   3, 0.038745
dynamic           ,   512,       8,   4, 0.039792
dynamic           ,   512,       8,   5, 0.038532
dynamic           ,   512,       8,   6, 0.040528
dynamic           ,   512,       8,   7, 0.041218
dynamic           ,   512,       8,   8, 0.038283
dynamic           ,   512,       8,   9, 0.041086
dynamic           ,   512,       8,  10, 0.041661
guided            ,    32,       8,   1, 0.020712
guided            ,    32,       8,   2, 0.020755
guided            ,    32,       8,   3, 0.020370
guided            ,    32,       8,   4, 0.020166
guided            ,    32,       8,   5, 0.020734
guided            ,    32,       8,   6, 0.019913
guided            ,    32,       8,   7, 0.020655
guided            ,    32,       8,   8, 0.019475
guided            ,    32,       8,   9, 0.020884
guided            ,    32,       8,  10, 0.019554
guided            ,    64,       8,   1, 0.020306
guided            ,    64,       8,   2, 0.021849
guided            ,    64,       8,   3, 0.020346
guided            ,    64,       8,   4, 0.021031
guided            ,    64,       8,   5, 0.022327
guided            ,    64,       8,   6, 0.020814
guided            ,    64,       8,   7, 0.022430
guided            ,    64,       8,   8, 0.020126
guided            ,    64,       8,   9, 0.021265
guided            ,    64,       8,  10, 0.019352
guided            ,   128,       8,   1, 0.019901
guided            ,   128,       8,   2, 0.019406
guided            ,   128,       8,   3, 0.020253
guided            ,   128,       8,   4, 0.020839
guided            ,   128,       8,   5, 0.022642
guided            ,   128,       8,   6, 0.019810
guided            ,   128,       8,   7, 0.020097
guided            ,   128,       8,   8, 0.020930
guided            ,   128,       8,   9, 0.020604
guided            ,   128,       8,  10, 0.023828
guided            ,   256,       8,   1, 0.020047
guided            ,   256,       8,   2, 0.020224
guided            ,   256,       8,   3, 0.020587
guided            ,   256,       8,   4, 0.022496
guided            ,   256,       8,   5, 0.019915
guided            ,   256,       8,   6, 0.021287
guided            ,   256,       8,   7, 0.020573
guided            ,   256,       8,   8, 0.022255
guided            ,   256,       8,   9, 0.021775
guided            ,   256,       8,  10, 0.018523
guided            ,   512,       8,   1, 0.020594
guided            ,   512,       8,   2, 0.021072
guided            ,   512,       8,   3, 0.023613
guided            ,   512,       8,   4, 0.021292
guided            ,   512,       8,   5, 0.021662
guided            ,   512,       8,   6, 0.021614
guided            ,   512,       8,   7, 0.019569
guided            ,   512,       8,   8, 0.019367
guided            ,   512,       8,   9, 0.021187
guided            ,   512,       8,  10, 0.021962
runtime:static    ,     0,       8,   1, 0.025549
runtime:static    ,     0,       8,   2, 0.026036
runtime:static    ,     0,       8,   3, 0.022631
runtime:static    ,     0,       8,   4, 0.021867
runtime:static    ,     0,       8,   5, 0.025204
runtime:static    ,     0,       8,   6, 0.023646
runtime:static    ,     0,       8,   7, 0.021826
runtime:static    ,     0,       8,   8, 0.025586
runtime:static    ,     0,       8,   9, 0.025440
runtime:static    ,     0,       8,  10, 0.024133
runtime:dynamic   ,     0,       8,   1, 0.563918
runtime:dynamic   ,     0,       8,   2, 0.565929
runtime:dynamic   ,     0,       8,   3, 0.561591
runtime:dynamic   ,     0,       8,   4, 0.548999
runtime:dynamic   ,     0,       8,   5, 0.584525
runtime:dynamic   ,     0,       8,   6, 0.571570
runtime:dynamic   ,     0,       8,   7, 0.552470
runtime:dynamic   ,     0,       8,   8, 0.563816
runtime:dynamic   ,     0,       8,   9, 0.569939
runtime:dynamic   ,     0,       8,  10, 0.570236
runtime:guided    ,     0,       8,   1, 0.021770
runtime:guided    ,     0,       8,   2, 0.022621
runtime:guided    ,     0,       8,   3, 0.024121
runtime:guided    ,     0,       8,   4, 0.022134
runtime:guided    ,     0,       8,   5, 0.020732
runtime:guided    ,     0,       8,   6, 0.022353
runtime:guided    ,     0,       8,   7, 0.024947
runtime:guided    ,     0,       8,   8, 0.022462
runtime:guided    ,     0,       8,   9, 0.027456
runtime:guided    ,     0,       8,  10, 0.022012
runtime:dynamic-64,     0,       8,   1, 0.119749
runtime:dynamic-64,     0,       8,   2, 0.124809
runtime:dynamic-64,     0,       8,   3, 0.123713
runtime:dynamic-64,     0,       8,   4, 0.125560
runtime:dynamic-64,     0,       8,   5, 0.123468
runtime:dynamic-64,     0,       8,   6, 0.120938
runtime:dynamic-64,     0,       8,   7, 0.125504
runtime:dynamic-64,     0,       8,   8, 0.126094
runtime:dynamic-64,     0,       8,   9, 0.119563
runtime:dynamic-64,     0,       8,  10, 0.120889
runtime:guided-64 ,     0,       8,   1, 0.021988
runtime:guided-64 ,     0,       8,   2, 0.022851
runtime:guided-64 ,     0,       8,   3, 0.025240
runtime:guided-64 ,     0,       8,   4, 0.021944
runtime:guided-64 ,     0,       8,   5, 0.022121
runtime:guided-64 ,     0,       8,   6, 0.022349
runtime:guided-64 ,     0,       8,   7, 0.026250
runtime:guided-64 ,     0,       8,   8, 0.027021
runtime:guided-64 ,     0,       8,   9, 0.022818
runtime:guided-64 ,     0,       8,  10, 0.022404
