threads, schedule          , chunk, n , media_s , desvio_s, cv_pct
      1, dynamic           ,    32, 10, 0.088980, 0.022796,   25.6
      1, dynamic           ,    64, 10, 0.066305, 0.008379,   12.6
      1, dynamic           ,   128, 10, 0.061272, 0.011013,   18.0
      1, dynamic           ,   256, 10, 0.057626, 0.000936,    1.6
      1, dynamic           ,   512, 10, 0.061992, 0.008744,   14.1
      1, guided            ,    32, 10, 0.061208, 0.010300,   16.8
      1, guided            ,    64, 10, 0.056048, 0.000715,    1.3
      1, guided            ,   128, 10, 0.057179, 0.002031,    3.6
      1, guided            ,   256, 10, 0.057182, 0.001737,    3.0
      1, guided            ,   512, 10, 0.060273, 0.008642,   14.3
      1, runtime:dynamic   ,     0, 10, 0.258201, 0.005432,    2.1
      1, runtime:dynamic-64,     0, 10, 0.077181, 0.006640,    8.6
      1, runtime:guided    ,     0, 10, 0.076382, 0.013708,   17.9
      1, runtime:guided-64 ,     0, 10, 0.074594, 0.009438,   12.7
      1, runtime:static    ,     0, 10, 0.065007, 0.007539,   11.6
      1, static            ,    32, 10, 0.054831, 0.000638,    1.2
      1, static            ,    64, 10, 0.060307, 0.003423,    5.7
      1, static            ,   128, 10, 0.062890, 0.007604,   12.1
      1, static            ,   256, 10, 0.065134, 0.015861,   24.4
      1, static            ,   512, 10, 0.068840, 0.023701,   34.4
      1, unspecified       ,     0, 10, 0.059064, 0.004977,    8.4
      2, dynamic           ,    32, 10, 0.068587, 0.003103,    4.5
      2, dynamic           ,    64, 10, 0.061097, 0.003147,    5.2
      2, dynamic           ,   128, 10, 0.060645, 0.003627,    6.0
      2, dynamic           ,   256, 10, 0.062044, 0.002666,    4.3
      2, dynamic           ,   512, 10, 0.058880, 0.001057,    1.8
      2, guided            ,    32, 10, 0.037608, 0.000794,    2.1
      2, guided            ,    64, 10, 0.038101, 0.001325,    3.5
      2, guided            ,   128, 10, 0.041082, 0.004838,   11.8
      2, guided            ,   256, 10, 0.038023, 0.000813,    2.1
      2, guided            ,   512, 10, 0.038282, 0.001733,    4.5
      2, runtime:dynamic   ,     0, 10, 0.688475, 0.030449,    4.4
      2, runtime:dynamic-64,     0, 10, 0.067383, 0.006857,   10.2
      2, runtime:guided    ,     0, 10, 0.038085, 0.002008,    5.3
      2, runtime:guided-64 ,     0, 10, 0.053327, 0.014609,   27.4
      2, runtime:static    ,     0, 10, 0.040506, 0.002245,    5.5
      2, static            ,    32, 10, 0.068900, 0.011343,   16.5
      2, static            ,    64, 10, 0.081968, 0.019017,   23.2
      2, static            ,   128, 10, 0.067257, 0.007561,   11.2
      2, static            ,   256, 10, 0.063061, 0.001588,    2.5
      2, static            ,   512, 10, 0.057485, 0.002071,    3.6
      2, unspecified       ,     0, 10, 0.043387, 0.006700,   15.4
      4, dynamic           ,    32, 10, 0.071779, 0.003917,    5.5
      4, dynamic           ,    64, 10, 0.066008, 0.002816,    4.3
      4, dynamic           ,   128, 10, 0.066294, 0.002713,    4.1
      4, dynamic           ,   256, 10, 0.061187, 0.002986,    4.9
      4, dynamic           ,   512, 10, 0.047466, 0.002551,    5.4
      4, guided            ,    32, 10, 0.026342, 0.001380,    5.2
      4, guided            ,    64, 10, 0.027045, 0.001997,    7.4
      4, guided            ,   128, 10, 0.026067, 0.000742,    2.8
      4, guided            ,   256, 10, 0.026260, 0.001412,    5.4
      4, guided            ,   512, 10, 0.025925, 0.001375,    5.3
      4, runtime:dynamic   ,     0, 10, 0.629255, 0.012626,    2.0
      4, runtime:dynamic-64,     0, 10, 0.065311, 0.002383,    3.6
      4, runtime:guided    ,     0, 10, 0.025972, 0.001276,    4.9
      4, runtime:guided-64 ,     0, 10, 0.026177, 0.000561,    2.1
      4, runtime:static    ,     0, 10, 0.027770, 0.001864,    6.7
      4, static            ,    32, 10, 0.065995, 0.005642,    8.5
      4, static            ,    64, 10, 0.063979, 0.003372,    5.3
      4, static            ,   128, 10, 0.061601, 0.002552,    4.1
      4, static            ,   256, 10, 0.059126, 0.003247,    5.5
      4, static            ,   512, 10, 0.041680, 0.001734,    4.2
      4, unspecified       ,     0, 10, 0.031431, 0.006110,   19.4
      8, dynamic           ,    32, 10, 0.103314, 0.008062,    7.8
      8, dynamic           ,    64, 10, 0.097247, 0.006461,    6.6
      8, dynamic           ,   128, 10, 0.096355, 0.011573,   12.0
      8, dynamic           ,   256, 10, 0.068053, 0.004875,    7.2
      8, dynamic           ,   512, 10, 0.040000, 0.001708,    4.3
      8, guided            ,    32, 10, 0.020322, 0.000520,    2.6
      8, guided            ,    64, 10, 0.020985, 0.001001,    4.8
      8, guided            ,   128, 10, 0.020831, 0.001380,    6.6
      8, guided            ,   256, 10, 0.020768, 0.001208,    5.8
      8, guided            ,   512, 10, 0.021193, 0.001211,    5.7
      8, runtime:dynamic   ,     0, 10, 0.565299, 0.010019,    1.8
      8, runtime:dynamic-64,     0, 10, 0.123029, 0.002527,    2.1
      8, runtime:guided    ,     0, 10, 0.023061, 0.001947,    8.4
      8, runtime:guided-64 ,     0, 10, 0.023499, 0.001915,    8.1
      8, runtime:static    ,     0, 10, 0.024192, 0.001616,    6.7
      8, static            ,    32, 10, 0.097918, 0.009553,    9.8
      8, static            ,    64, 10, 0.094148, 0.010210,   10.8
      8, static            ,   128, 10, 0.101946, 0.013797,   13.5
      8, static            ,   256, 10, 0.050448, 0.001864,    3.7
      8, static            ,   512, 10, 0.033321, 0.001844,    5.5
      8, unspecified       ,     0, 10, 0.025592, 0.004985,   19.5
